Customer ID,Age,Gender,Location,Review Rating,Subscription Status,Preferred Payment Method
c8a66fe3,48,Male,Lleida,2.6,Yes,Debit Card
7d08cdc9,29,Male,Madrid,2.9,No,Debit Card
df301f04,41,Male,Oviedo,4.7,Yes,Debit Card
a70cf1ee,67,Female,Valencia,3.2,No,Debit Card
b0e56ea7,49,Male,Alicante,4.4,No,Credit Card
4f289506,64,Male,Alicante,3.5,Yes,Venmo
54e1bf15,25,Male,Valencia,3.3,No,Bank Transfer
67d3db22,43,Male,Oviedo,3.2,No,Debit Card
7ca0237a,68,Female,Móstoles,4.3,No,Bank Transfer
018b79a5,57,Male,Girona,2.6,No,Credit Card
4ed9dab2,21,Male,Avilés,3.9,No,Bank Transfer
716dacac,53,Male,Avilés,3.9,No,Venmo
50d3ab95,40,Female,Castellón,2.7,No,Credit Card
b97b20b1,35,Female,Alcalá de Henares,4.3,No,Venmo
59f55e84,27,Female,Lleida,3.8,No,Debit Card
24603009,18,Male,Castellón,2.6,No,Cash
70738f6a,44,Female,Avilés,4.8,No,Credit Card
59710246,64,Male,Madrid,4.7,Yes,Debit Card
e77f8d14,60,Male,Oviedo,4.9,Yes,Credit Card
bbc6b8c3,21,Female,Valencia,4.9,No,Bank Transfer
726a8db4,22,Male,Barcelona,3.2,No,Bank Transfer
3be26f24,47,Male,Oviedo,3.3,Yes,Venmo
f4ab54e7,37,Male,Gijón,3.8,No,Venmo
2802405b,51,Male,Madrid,3.9,Yes,PayPal
a5de4b44,70,Male,Barcelona,4.9,No,Credit Card
5e675c41,41,Male,Girona,3.0,Yes,Credit Card
77a50493,55,Male,Alcalá de Henares,3.2,No,Cash
950e4be2,36,Female,Lleida,4.0,No,Debit Card
08525da1,25,Male,Barcelona,4.5,No,Credit Card
cb91bfe9,60,Female,Alcalá de Henares,4.7,No,Venmo
285b241f,42,Male,Alicante,4.8,No,PayPal
d5a04823,54,Male,Castellón,3.9,No,Cash
8c451591,36,Male,Alcalá de Henares,4.9,Yes,Venmo
efd3a67d,48,Male,Castellón,4.2,No,Bank Transfer
c280d4f7,22,Male,Móstoles,4.1,No,Cash
,38,Female,Girona,4.1,No,Cash
f3e28e4c,47,Male,Girona,2.6,No,Debit Card
87d883ed,28,Female,Alcalá de Henares,3.2,No,Debit Card
20e84cde,48,Female,Barcelona,4.1,No,Cash
ec60af8a,66,Female,Girona,2.6,No,Bank Transfer
6cf4849e,61,Female,Alcalá de Henares,4.0,No,Debit Card
5ff072b0,34,Female,Móstoles,3.8,No,Bank Transfer
dccaa8c1,38,Male,Avilés,3.2,Yes,PayPal
21bf5feb,18,Male,Alicante,4.4,No,Cash
dbebee84,47,Male,Madrid,2.6,Yes,Debit Card
25d2bda3,30,Male,Alcalá de Henares,2.5,No,Credit Card
,43,Male,Madrid,3.4,No,Credit Card
23cd4d83,67,Male,Gijón,4.9,No,Debit Card
,36,Male,Valencia,4.9,Yes,Cash
515b9f02,46,Male,Barcelona,4.0,Yes,PayPal
384144e3,29,Female,Oviedo,3.8,No,PayPal
5c3b0ea3,55,Male,Castellón,3.0,No,Venmo
d72e739c,66,Male,Avilés,3.5,No,Bank Transfer
f01c682f,49,Male,Móstoles,4.9,No,PayPal
eb681e4d,29,Male,Alcalá de Henares,4.5,No,Credit Card
15aecd08,64,Male,Barcelona,3.5,No,Debit Card
df62fba6,23,Male,Lleida,3.0,No,PayPal
af23abbd,70,Female,Lleida,3.3,No,Credit Card
afb6a9f3,66,Female,Madrid,3.3,No,Bank Transfer
700e2e2c,64,Male,Castellón,3.5,No,Cash
ac4cc10e,43,Female,Barcelona,3.3,No,Cash
727f9779,33,Male,Barcelona,3.8,No,PayPal
bde4951d,41,Male,Gijón,4.0,No,Venmo
40d83b8d,40,Male,Gijón,4.9,No,Credit Card
e07af0f0,29,Male,Madrid,3.1,Yes,Cash
86550d88,51,Male,Valencia,4.5,No,Credit Card
c6d5dc0c,18,Male,Madrid,3.8,No,Venmo
1cc21b6a,35,Female,Oviedo,4.4,No,Credit Card
923087f7,31,Male,Valencia,4.2,Yes,Credit Card
23643f94,30,Male,Madrid,4.7,No,Cash
82d39a20,60,Male,Lleida,4.7,No,Bank Transfer
48635198,70,Female,Girona,3.4,No,Cash
125f241e,46,Female,Barcelona,4.5,No,Cash
eaf6e286,60,Male,Alcalá de Henares,4.5,No,Bank Transfer
a7d4d801,33,Male,Castellón,4.2,Yes,PayPal
2b77f2ce,59,Male,Girona,4.5,Yes,Debit Card
5a9a3c13,31,Male,Barcelona,3.0,No,Debit Card
2338eb35,54,Female,Girona,3.1,No,Cash
d3f15050,32,Male,Valencia,2.7,Yes,Venmo
3d7d0ac0,42,Male,Gijón,4.3,No,Credit Card
f7a0ff32,56,Male,Gijón,3.0,No,Credit Card
8f8eec2f,51,Male,Móstoles,4.7,No,Cash
62439402,70,Male,Madrid,4.3,Yes,Debit Card
30fa9dc8,23,Female,Valencia,3.0,No,Credit Card
541ab231,26,Male,Girona,3.0,No,Debit Card
c94b7c1e,65,Male,Girona,3.9,No,PayPal
834bf0d9,61,Male,Madrid,3.6,Yes,Debit Card
921629e5,67,Male,Girona,3.4,Yes,Bank Transfer
ff8eec5a,23,Female,Gijón,3.4,No,PayPal
6c23dae3,35,Female,Valencia,2.6,No,Venmo
eda1a8ea,25,Male,Avilés,2.7,No,Bank Transfer
be130161,52,Male,Oviedo,4.9,Yes,Debit Card
39839384,31,Male,Lleida,4.1,No,Debit Card
47d653d6,50,Female,Girona,4.3,No,Venmo
a746a79e,66,Male,Gijón,2.8,No,Bank Transfer
d51f8f8d,51,Female,Girona,3.6,No,Venmo
764caa4e,58,Male,Gijón,3.2,Yes,Credit Card
6de785d3,68,Female,Girona,2.5,No,Cash
f9b61119,45,Female,Gijón,4.8,No,Bank Transfer
09d72797,49,Male,Castellón,4.9,Yes,Venmo
1c20ce40,20,Male,Avilés,3.1,Yes,Venmo
c1bf4689,48,Female,Madrid,4.5,No,Cash
c7955ca9,39,Male,Madrid,4.2,Yes,PayPal
1932f5cc,24,Male,Barcelona,4.4,No,Debit Card
0eb06bb9,66,Male,Girona,4.0,No,PayPal
,33,Male,Avilés,4.7,Yes,Venmo
9776c540,47,Female,Gijón,4.5,No,Bank Transfer
44a38cbb,26,Male,Oviedo,4.2,No,Venmo
205daae5,64,Female,Oviedo,3.6,No,Cash
fc7f9ec8,44,Female,Gijón,3.5,No,Bank Transfer
d5e445ac,26,Male,Gijón,2.6,Yes,Venmo
472268a4,57,Female,Valencia,3.7,No,Debit Card
fd3bc954,21,Male,Castellón,2.6,No,PayPal
491cdd33,38,Male,Alcalá de Henares,2.7,Yes,PayPal
97b206fd,38,Male,Girona,3.9,Yes,Credit Card
a8a9b87d,49,Male,Girona,3.0,No,PayPal
ef02bcf3,19,Male,Lleida,3.2,No,Venmo
a9384221,70,Male,Barcelona,4.6,Yes,PayPal
f30f3ff0,57,Female,Lleida,3.3,No,Debit Card
,49,Male,Alcalá de Henares,4.0,No,Bank Transfer
c90a4297,22,Male,Oviedo,4.2,Yes,Debit Card
02ebffe1,32,Male,Castellón,3.0,Yes,Cash
0f1ca2d6,18,Male,Alicante,3.9,No,Debit Card
4350ee14,60,Female,Lleida,3.1,No,Debit Card
80e0c9c0,43,Male,Lleida,2.7,No,Credit Card
fe2f4154,64,Male,Castellón,4.9,Yes,Bank Transfer
743d675e,44,Male,Valencia,5.0,No,Bank Transfer
ea9ee507,53,Male,Oviedo,3.4,No,Venmo
0ef019aa,44,Male,Valencia,4.4,No,Cash
cfd0948c,37,Female,Lleida,2.8,No,Bank Transfer
58b96c0e,45,Male,Barcelona,4.6,No,Venmo
d8b37862,64,Male,Girona,3.7,No,Credit Card
4951c648,22,Male,Barcelona,4.6,Yes,Bank Transfer
db41e096,59,Female,Barcelona,4.2,No,PayPal
ddf55ffa,34,Male,Oviedo,3.4,Yes,Cash
b2d78d5d,35,Male,Gijón,3.5,No,Credit Card
9e59d3c9,65,Female,Alicante,2.9,No,PayPal
731fcc6b,70,Female,Alicante,3.9,No,Credit Card
,37,Male,Lleida,4.5,Yes,Credit Card
490f3383,29,Male,Barcelona,3.4,No,PayPal
4f2c982a,56,Male,Castellón,4.0,No,Bank Transfer
4b383ed3,51,Male,Oviedo,4.8,No,Credit Card
2fbee0a5,46,Female,Lleida,3.0,No,Cash
f3519393,59,Male,Barcelona,2.6,No,Debit Card
6a4bd850,66,Male,Alcalá de Henares,4.0,No,Credit Card
9aa4e643,29,Male,Girona,4.8,Yes,Credit Card
ec50626c,21,Male,Girona,4.3,No,Bank Transfer
a4feb36b,22,Male,Gijón,4.0,No,Credit Card
6d6acec9,47,Male,Móstoles,3.5,Yes,Bank Transfer
7f2bbaa6,27,Male,Oviedo,2.8,No,Cash
b3fb055e,62,Male,Alcalá de Henares,3.1,No,PayPal
f18a3084,48,Male,Lleida,2.6,No,Bank Transfer
0024e298,54,Male,Móstoles,3.4,No,PayPal
55590f2f,68,Female,Alcalá de Henares,2.7,No,Debit Card
18a8058f,45,Male,Alcalá de Henares,2.5,Yes,Cash
796ed423,38,Male,Oviedo,2.9,No,Credit Card
9becfa76,46,Male,Castellón,4.2,No,Venmo
f8cc8c67,33,Male,Alicante,3.4,Yes,Venmo
d015c323,61,Male,Avilés,3.1,Yes,PayPal
745c1e8c,47,Male,Gijón,4.2,No,Venmo
e5c4630b,21,Female,Alcalá de Henares,4.9,No,Venmo
b7909c37,18,Male,Valencia,2.7,Yes,Venmo
52dae029,54,Male,Gijón,3.1,No,PayPal
2c8d2ac8,52,Male,Castellón,3.0,No,Debit Card
c1dac17f,52,Male,Girona,4.3,Yes,Credit Card
8300dfe5,66,Male,Móstoles,4.1,No,PayPal
23a5d071,42,Male,Girona,4.3,No,Bank Transfer
bd91218a,35,Male,Gijón,2.5,Yes,Debit Card
d3be3304,46,Female,Oviedo,2.9,No,Bank Transfer
8e59e95f,64,Male,Lleida,4.0,Yes,Bank Transfer
48e51ce9,31,Male,Avilés,3.5,No,Credit Card
0b316c67,43,Male,Móstoles,3.6,No,Bank Transfer
8a252640,28,Female,Lleida,4.0,No,Venmo
fcabbc4a,35,Male,Madrid,3.7,No,PayPal
ea30d0e9,41,Male,Barcelona,4.5,No,Debit Card
0d7f3cf0,65,Female,Lleida,4.4,No,Credit Card
24fdaa3d,56,Female,Girona,2.8,No,Debit Card
72ede351,56,Male,Girona,4.7,No,Debit Card
dd337eab,69,Female,Lleida,3.2,No,Cash
6cb84452,53,Male,Avilés,4.7,Yes,Venmo
c8eda1e4,55,Male,Madrid,3.9,No,Cash
8ffc58fa,39,Male,Alicante,3.6,No,Cash
ff004a2e,69,Male,Alicante,4.2,Yes,Debit Card
6317b431,27,Male,Gijón,3.2,Yes,Cash
f3bbe8e9,63,Male,Avilés,3.2,No,Credit Card
0c59327c,33,Male,Girona,4.6,Yes,Bank Transfer
acfba937,52,Female,Castellón,3.1,No,Venmo
521ffc4e,59,Male,Lleida,2.9,No,Cash
0096195e,28,Male,Girona,3.0,No,Cash
0fb8482e,42,Male,Barcelona,2.6,Yes,Venmo
41b03894,32,Male,Valencia,5.0,No,Cash
0b40d351,38,Female,Valencia,4.3,No,Debit Card
57ed3b47,58,Male,Lleida,3.0,Yes,Venmo
e7ea0ce4,45,Female,Avilés,4.2,No,Bank Transfer
2b37fc61,67,Male,Lleida,4.9,No,Bank Transfer
9e9d6278,54,Female,Alcalá de Henares,3.2,No,Credit Card
2ab29ba4,20,Male,Oviedo,3.4,No,PayPal
9be3d961,68,Male,Girona,4.5,No,Cash
f25987de,66,Male,Móstoles,4.5,Yes,Debit Card
1691d87c,21,Female,Alicante,2.6,No,Venmo
c9cd03eb,55,Female,Móstoles,4.2,No,PayPal
e1955cd0,54,Male,Oviedo,2.8,Yes,Cash
,58,Male,Móstoles,2.6,Yes,Bank Transfer
47457714,49,Male,Barcelona,4.0,No,Venmo
f8eb345b,34,Male,Alcalá de Henares,4.7,No,Bank Transfer
0d509ab5,47,Male,Gijón,3.5,No,Venmo
8c49edf5,64,Male,Alcalá de Henares,4.7,No,Debit Card
d948c9b4,39,Male,Castellón,2.9,No,Venmo
f657a300,33,Male,Alcalá de Henares,3.3,Yes,Debit Card
3c770463,59,Male,Lleida,4.7,Yes,Credit Card
8ccfcb94,37,Male,Avilés,4.4,No,Cash
6115d032,35,Male,Madrid,2.9,No,PayPal
fd4e06db,63,Male,Alicante,5.0,No,Debit Card
b8e94ec4,48,Male,Castellón,2.7,Yes,Bank Transfer
e5cfa115,21,Male,Alcalá de Henares,4.7,No,Debit Card
081d484d,29,Female,Girona,4.4,No,Credit Card
d57866d6,65,Female,Oviedo,4.7,No,Credit Card
9505d225,45,Male,Valencia,3.8,No,Cash
1bb10acc,29,Male,Girona,3.8,Yes,PayPal
02263f1e,18,Male,Alcalá de Henares,2.6,No,Cash
ff617a55,38,Male,Madrid,4.8,No,Credit Card
6e4d624a,36,Male,Alcalá de Henares,2.5,No,Cash
,31,Female,Gijón,4.7,No,Bank Transfer
840f6a6a,69,Male,Madrid,4.0,Yes,Venmo
9b4d48e8,61,Female,Madrid,5.0,No,Cash
437c87c0,45,Male,Girona,2.6,No,Cash
7bfd7152,57,Male,Móstoles,4.2,Yes,Cash
406de754,46,Male,Avilés,4.1,No,Cash
,53,Female,Castellón,3.2,No,Debit Card
67dea038,36,Male,Madrid,3.0,Yes,Bank Transfer
6bce7902,40,Male,Oviedo,2.6,No,Cash
34bb9a96,57,Male,Girona,3.3,Yes,Bank Transfer
e86671c4,47,Female,Valencia,3.5,No,Venmo
dc38b0c6,42,Male,Móstoles,2.6,Yes,Credit Card
4f3fbb5e,66,Male,Avilés,3.6,No,Venmo
f49be072,39,Male,Alicante,3.7,Yes,Debit Card
9d5a8b82,33,Female,Alicante,4.2,No,Cash
0ae3f148,38,Male,Oviedo,3.6,Yes,Credit Card
66374a30,37,Male,Barcelona,3.2,No,Cash
a56a3253,45,Male,Castellón,3.5,No,Cash
2cbfeb1b,18,Female,Barcelona,5.0,No,Credit Card
a78c0e42,67,Male,Barcelona,3.0,Yes,PayPal
b1e3508d,24,Male,Avilés,4.2,Yes,Cash
57964862,21,Male,Lleida,4.3,Yes,Bank Transfer
cec85f13,35,Female,Castellón,3.4,No,Venmo
bcb5d642,18,Female,Lleida,3.8,No,PayPal
e0abee5e,54,Male,Alcalá de Henares,3.3,Yes,Cash
f9c268eb,62,Female,Avilés,3.5,No,PayPal
225221c6,66,Male,Alcalá de Henares,3.3,Yes,PayPal
c75e2fa1,32,Male,Girona,3.8,No,Cash
a6463851,55,Male,Valencia,4.9,Yes,Bank Transfer
892423a3,32,Male,Móstoles,2.8,Yes,Venmo
3dbb7697,67,Female,Alcalá de Henares,3.0,No,Cash
f5b90ac9,44,Female,Madrid,4.5,No,Credit Card
c8ff9490,34,Male,Castellón,3.3,Yes,Bank Transfer
462d15f1,52,Male,Madrid,3.1,No,Cash
a906f7f1,24,Female,Castellón,4.1,No,Venmo
8e6764d0,20,Male,Girona,2.5,No,Debit Card
45a20eb4,67,Male,Lleida,2.6,Yes,Bank Transfer
42a5e445,48,Female,Castellón,3.7,No,Debit Card
f0b10bbe,21,Female,Lleida,4.9,No,Cash
f4af2079,61,Male,Móstoles,4.9,No,Bank Transfer
3d194f3e,58,Female,Móstoles,3.5,No,Venmo
e5b48fcc,70,Male,Barcelona,3.3,No,Debit Card
0f585a43,26,Male,Valencia,3.7,No,Credit Card
b32614b2,68,Male,Alicante,4.3,No,Cash
22c111e3,29,Male,Valencia,2.6,Yes,Debit Card
07ff0750,63,Male,Alicante,4.8,Yes,Venmo
41eb08b5,58,Male,Alcalá de Henares,2.9,No,Credit Card
278b5c3c,59,Male,Lleida,2.8,Yes,Venmo
52d1c056,21,Male,Gijón,3.0,Yes,Venmo
e9d2e9be,22,Female,Alicante,2.6,No,PayPal
1147760a,28,Male,Alcalá de Henares,3.8,No,Debit Card
179e1e60,24,Male,Alcalá de Henares,3.5,No,Credit Card
54c5176c,64,Female,Lleida,3.8,No,Cash
,28,Male,Oviedo,4.8,No,PayPal
7101666d,57,Female,Avilés,4.1,No,Credit Card
87a573a3,54,Male,Castellón,2.9,No,Debit Card
4bef43b1,36,Female,Madrid,4.8,No,PayPal
27d3ed83,58,Male,Castellón,4.7,Yes,Credit Card
e77bf5c5,53,Female,Castellón,2.8,No,Debit Card
467a19d6,41,Male,Barcelona,4.3,No,Cash
c29307e0,31,Male,Lleida,4.7,No,Cash
a27f70e0,21,Male,Castellón,4.5,Yes,Venmo
9661cec0,57,Female,Madrid,3.4,No,Debit Card
ca8e8971,53,Male,Castellón,3.7,Yes,Venmo
ac9579c6,32,Male,Gijón,2.6,No,Credit Card
4c0994b7,56,Male,Castellón,4.4,No,PayPal
c2450216,59,Male,Valencia,2.6,No,PayPal
6889268a,24,Male,Avilés,3.4,No,Debit Card
dc0a0488,31,Female,Alcalá de Henares,3.4,No,Bank Transfer
3609d4c0,59,Male,Alcalá de Henares,3.1,No,Venmo
594bf1ea,35,Female,Madrid,4.5,No,Venmo
37d663ed,43,Male,Móstoles,4.9,Yes,Cash
48f33d01,26,Female,Lleida,4.5,No,Debit Card
1f9a575e,28,Male,Castellón,2.9,Yes,Venmo
20b7556f,70,Male,Lleida,4.1,No,Venmo
78ad2eb7,27,Male,Valencia,4.3,Yes,Venmo
25dbb65e,48,Male,Madrid,4.3,Yes,PayPal
86432d5e,46,Male,Madrid,3.4,No,Cash
1550dad7,33,Female,Gijón,3.3,No,PayPal
9023b8f1,65,Male,Girona,3.7,No,Venmo
c8b55ba6,25,Male,Oviedo,4.5,Yes,Cash
5021c497,66,Female,Valencia,3.6,No,Venmo
5b780e92,68,Male,Girona,3.9,No,Debit Card
dae80629,31,Male,Girona,3.0,Yes,PayPal
70f83857,27,Male,Móstoles,3.5,No,PayPal
95f86a9d,51,Male,Gijón,2.8,No,Debit Card
66e46eac,62,Female,Móstoles,4.9,No,Debit Card
033e4962,45,Female,Barcelona,4.3,No,PayPal
9239dfab,18,Male,Girona,3.9,Yes,Venmo
67509a3f,34,Male,Madrid,3.3,No,Venmo
78886cbd,66,Male,Madrid,3.0,No,Debit Card
571ee2b4,52,Male,Alcalá de Henares,2.6,Yes,Venmo
f5c3d4f0,56,Male,Barcelona,3.1,No,Debit Card
efb4c8e7,30,Male,Oviedo,3.6,No,Credit Card
d9680ba7,36,Female,Móstoles,2.7,No,Venmo
fdd45969,66,Male,Lleida,3.7,No,Venmo
089460ba,33,Male,Oviedo,3.9,No,Debit Card
98372a4b,50,Male,Girona,3.1,Yes,Bank Transfer
e2b77e81,61,Male,Castellón,4.5,Yes,Venmo
69d536b9,39,Female,Castellón,2.5,No,Debit Card
c5ae72d1,63,Female,Móstoles,3.3,No,Debit Card
cf83852c,28,Male,Castellón,3.9,Yes,Debit Card
7d909cd9,50,Female,Valencia,3.3,No,Bank Transfer
fae94573,19,Female,Avilés,3.2,No,Venmo
8d5e1e01,64,Female,Valencia,3.3,No,Venmo
5554e40d,67,Male,Valencia,3.3,No,Cash
5f4cd09c,25,Male,Madrid,4.9,Yes,Debit Card
768185a6,64,Male,Girona,4.2,Yes,Cash
301caa41,41,Male,Madrid,3.5,Yes,Venmo
7917ff88,53,Female,Avilés,2.9,No,PayPal
bdf7ca58,20,Male,Móstoles,4.6,No,Debit Card
093c5f6f,46,Female,Valencia,4.7,No,Credit Card
23fafb45,27,Male,Lleida,4.4,No,PayPal
bfb1ca36,51,Female,Lleida,2.7,No,Bank Transfer
77d9cef5,37,Female,Móstoles,2.7,No,PayPal
119f499e,57,Male,Barcelona,4.4,No,Venmo
58478961,61,Female,Madrid,3.3,No,PayPal
9d178f08,70,Male,Oviedo,3.9,No,Venmo
f71d71c0,28,Female,Oviedo,4.6,No,PayPal
7cb8362f,54,Male,Castellón,5.0,No,Venmo
7132e349,50,Male,Avilés,4.2,Yes,Venmo
0e2b1ec7,40,Male,Valencia,4.2,Yes,Bank Transfer
0f91a6bf,25,Male,Valencia,3.8,No,PayPal
f8ef873a,38,Female,Alcalá de Henares,4.2,No,Credit Card
d6be7e37,36,Male,Valencia,3.5,No,Credit Card
50cf5aa1,22,Male,Castellón,2.7,No,Credit Card
51337cee,42,Female,Móstoles,3.1,No,Credit Card
71ec6a89,63,Female,Madrid,2.5,No,Cash
ddefae88,20,Female,Castellón,3.1,No,Bank Transfer
1b8f8a9a,43,Male,Alcalá de Henares,3.8,No,Debit Card
427e3910,69,Male,Alcalá de Henares,3.6,No,Credit Card
1e431f62,48,Male,Oviedo,4.4,Yes,Cash
6b351803,25,Male,Móstoles,3.4,No,Cash
bb010cb1,50,Male,Alicante,2.9,Yes,PayPal
b63ea2b1,46,Female,Valencia,2.6,No,Cash
34b9bdcf,58,Male,Móstoles,3.6,Yes,Credit Card
10676ea0,37,Male,Girona,2.7,Yes,Venmo
90451d12,45,Male,Oviedo,3.4,No,Venmo
98c2e06c,59,Male,Gijón,3.6,No,Cash
cf8384c4,56,Male,Oviedo,4.9,No,Cash
b1333e0f,49,Male,Alcalá de Henares,3.8,Yes,Venmo
de421d08,30,Male,Gijón,4.9,No,Credit Card
9476e052,18,Male,Barcelona,4.4,No,Venmo
8aec5615,66,Male,Gijón,4.5,Yes,Cash
589f70f7,51,Male,Lleida,3.1,Yes,Credit Card
7fd0526f,46,Male,Girona,3.8,No,Debit Card
8f9df355,43,Male,Lleida,4.5,No,Cash
187b5ef5,59,Female,Girona,3.1,No,Bank Transfer
a3c2b26a,20,Female,Castellón,4.6,No,Cash
176b73ad,19,Male,Avilés,4.4,No,Bank Transfer
a28cf668,20,Female,Girona,3.6,No,PayPal
0773707a,28,Male,Alcalá de Henares,2.8,No,Venmo
05a0f2cf,19,Male,Castellón,3.2,Yes,Cash
2f42faeb,56,Female,Oviedo,4.6,No,Credit Card
c9f4888c,33,Male,Alicante,3.4,Yes,Debit Card
9d4c30a2,39,Male,Oviedo,4.0,No,Bank Transfer
bd437c5c,56,Female,Girona,2.9,No,Cash
c2bfbc43,45,Female,Alicante,2.6,No,Credit Card
d30e22e9,23,Male,Móstoles,4.9,No,Credit Card
32051c9f,60,Male,Móstoles,4.2,No,Debit Card
c6002a52,26,Male,Castellón,4.0,No,Credit Card
f6ce77ad,33,Female,Alicante,3.9,No,Credit Card
4e1f2853,43,Male,Móstoles,4.6,No,PayPal
15fecd95,34,Male,Lleida,3.4,No,Credit Card
759beaad,68,Female,Móstoles,4.7,No,Venmo
460fa765,21,Male,Madrid,2.5,Yes,PayPal
5bd19c94,25,Female,Alcalá de Henares,4.7,No,Cash
5f3b667d,34,Male,Alcalá de Henares,3.5,No,Venmo
e2935894,27,Male,Valencia,2.9,No,Bank Transfer
633a8679,31,Male,Valencia,3.9,No,Credit Card
54377e6a,19,Male,Móstoles,4.5,No,Credit Card
7ce67438,56,Female,Lleida,3.4,No,Cash
b063e274,23,Male,Barcelona,4.0,Yes,Bank Transfer
ad4f272a,48,Male,Barcelona,4.9,No,Bank Transfer
2d24caa0,56,Female,Valencia,4.0,No,Bank Transfer
3bd5b7d0,51,Male,Castellón,4.2,Yes,Debit Card
0656b564,48,Male,Móstoles,3.6,Yes,Credit Card
20577c99,32,Female,Avilés,3.2,No,Bank Transfer
841682a6,25,Male,Barcelona,3.2,Yes,PayPal
ff17a40e,21,Male,Girona,2.5,Yes,Credit Card
67154276,26,Female,Alcalá de Henares,3.7,No,Venmo
a66b950f,65,Male,Lleida,4.0,No,Bank Transfer
97354486,43,Female,Valencia,4.9,No,Credit Card
,65,Male,Alicante,2.9,No,Credit Card
6e7596f7,30,Male,Avilés,2.8,No,PayPal
f160d542,67,Male,Alcalá de Henares,4.1,Yes,Debit Card
0978f7c2,47,Male,Alcalá de Henares,4.9,No,Bank Transfer
fab7a53e,43,Male,Gijón,3.0,Yes,Debit Card
69883f86,66,Male,Móstoles,4.9,No,Venmo
51484e6e,54,Male,Lleida,2.6,No,Venmo
a7a49e14,70,Female,Madrid,3.5,No,Debit Card
cf410585,56,Male,Alcalá de Henares,3.3,No,Bank Transfer
62c1714b,52,Male,Móstoles,2.7,Yes,Venmo
03574a5e,41,Male,Alicante,4.8,No,Venmo
38851b3d,45,Male,Madrid,2.7,Yes,Debit Card
1c8d2e7d,28,Male,Barcelona,4.4,Yes,Venmo
91eac8e3,70,Male,Castellón,5.0,No,Bank Transfer
fdd4e99c,61,Female,Barcelona,4.8,No,Cash
6b6bbd4d,53,Male,Gijón,3.4,No,Debit Card
85934a08,32,Male,Barcelona,3.8,No,Cash
4e19adf3,26,Female,Oviedo,3.5,No,Credit Card
208884f4,29,Male,Móstoles,3.4,Yes,Venmo
5733a509,46,Female,Valencia,2.9,No,Venmo
f4f5aad2,44,Male,Girona,4.0,Yes,PayPal
154202a1,69,Male,Valencia,4.2,Yes,Venmo
ce4e85ae,50,Male,Alcalá de Henares,4.2,Yes,Venmo
98005b51,58,Female,Móstoles,4.6,No,Venmo
cd6c7231,26,Female,Avilés,4.2,No,Debit Card
bc44e600,33,Male,Móstoles,2.8,Yes,Cash
7037290a,32,Male,Alicante,2.9,No,Debit Card
b8dfba81,64,Male,Avilés,2.9,Yes,Venmo
7e09881f,28,Male,Avilés,3.1,No,Credit Card
eaeada2a,43,Male,Barcelona,4.4,Yes,Debit Card
cd419982,65,Female,Gijón,4.0,No,PayPal
db6f87f5,64,Male,Madrid,4.9,No,Debit Card
2bf397ec,40,Male,Avilés,3.1,No,Credit Card
3e288094,21,Female,Girona,4.1,No,PayPal
71088778,49,Male,Avilés,4.3,No,PayPal
508796b3,52,Female,Madrid,4.8,No,PayPal
b0fc4af7,34,Male,Barcelona,4.1,No,Cash
e39fc4f0,45,Male,Madrid,3.1,No,Credit Card
78299468,34,Female,Girona,2.5,No,PayPal
f8ca4145,49,Male,Castellón,4.2,No,Credit Card
87a4b62e,57,Female,Madrid,2.6,No,Bank Transfer
0a28dbc5,44,Male,Alicante,3.1,Yes,PayPal
db07b818,30,Male,Alicante,3.3,Yes,Debit Card
9256fbba,57,Male,Gijón,4.2,Yes,Bank Transfer
af676a5e,60,Male,Lleida,3.5,Yes,PayPal
6c54eb08,66,Female,Alicante,3.9,No,Bank Transfer
3c1ef961,22,Female,Madrid,4.1,No,Cash
51072298,62,Female,Gijón,4.2,No,Venmo
61f92668,59,Female,Alcalá de Henares,4.0,No,PayPal
a61dc19b,42,Male,Oviedo,4.1,Yes,Cash
548c78d2,29,Female,Valencia,3.4,No,Credit Card
1d3f50e4,65,Male,Valencia,3.7,No,Cash
f4a782e1,65,Female,Oviedo,4.6,No,PayPal
12e0dd8d,39,Male,Gijón,4.6,Yes,PayPal
170ec024,22,Female,Móstoles,4.4,No,PayPal
9a2e518e,44,Female,Gijón,3.8,No,Debit Card
e1987cc7,40,Male,Madrid,2.5,Yes,Credit Card
00c6a1c9,67,Female,Gijón,3.4,No,Bank Transfer
9b38aabe,54,Male,Barcelona,4.9,No,PayPal
2ee9c215,55,Male,Valencia,4.9,Yes,Credit Card
8395a7d3,38,Male,Móstoles,2.8,Yes,Venmo
5f7cf2dd,39,Female,Barcelona,4.8,No,Venmo
0520be4b,58,Male,Madrid,3.0,No,Bank Transfer
439b666f,25,Male,Girona,4.7,No,Debit Card
2fc901b1,45,Male,Valencia,4.6,Yes,PayPal
355c0963,57,Male,Oviedo,4.7,Yes,Credit Card
6a2c82c4,20,Male,Lleida,2.8,No,Credit Card
25259670,70,Male,Castellón,3.2,Yes,Bank Transfer
003fe5b4,36,Male,Girona,4.0,No,PayPal
97d94f9b,57,Male,Barcelona,3.4,No,Cash
ccde884d,44,Male,Madrid,2.5,No,Cash
50d9be89,56,Female,Girona,2.7,No,Credit Card
fb483881,27,Female,Avilés,4.5,No,Cash
da941cdd,42,Male,Alcalá de Henares,3.3,No,Credit Card
34a428d7,33,Male,Avilés,2.7,Yes,Credit Card
6a99e104,43,Male,Alicante,4.2,No,PayPal
2e35f62d,24,Male,Barcelona,4.5,Yes,Cash
1fcdc60c,20,Male,Móstoles,2.9,No,Venmo
996cdfde,25,Male,Oviedo,4.7,Yes,PayPal
51ee04ab,34,Male,Madrid,4.5,No,PayPal
16a5bf82,65,Male,Valencia,2.9,No,Venmo
69796745,35,Male,Lleida,3.2,Yes,Venmo
9d7d1e66,44,Male,Avilés,3.3,Yes,PayPal
ae9cc512,69,Female,Oviedo,4.9,No,Debit Card
88b223e5,34,Female,Valencia,2.9,No,Bank Transfer
6e173410,66,Male,Valencia,3.4,No,Bank Transfer
0e4cc78c,22,Male,Oviedo,3.6,Yes,PayPal
e8ed0992,54,Male,Barcelona,3.4,No,Venmo
896da4cd,35,Male,Avilés,4.0,Yes,Debit Card
896b3bec,57,Male,Madrid,4.7,No,Cash
492effc9,25,Male,Oviedo,4.8,No,PayPal
b32dd40a,40,Male,Alicante,4.4,No,Debit Card
d8ff983b,46,Male,Avilés,2.9,Yes,PayPal
9bab1445,40,Male,Móstoles,4.6,No,PayPal
eef9140a,65,Female,Girona,3.4,No,Bank Transfer
7f46f07a,55,Male,Gijón,2.6,No,Bank Transfer
2815993d,48,Female,Lleida,4.0,No,Bank Transfer
451e2fb4,63,Male,Girona,3.2,Yes,Cash
cb1aee06,19,Female,Lleida,4.1,No,Credit Card
5ae4f2f7,48,Female,Oviedo,4.5,No,Bank Transfer
5950a0ed,62,Male,Móstoles,3.4,Yes,Cash
97029ba9,49,Male,Gijón,4.5,Yes,Credit Card
184010f3,46,Male,Alcalá de Henares,4.0,Yes,Cash
c75371b3,65,Male,Oviedo,4.5,Yes,PayPal
94959a78,26,Male,Castellón,3.9,No,Bank Transfer
027dc0df,44,Male,Lleida,3.2,No,Cash
8a339194,50,Male,Oviedo,3.9,No,PayPal
84e76717,25,Male,Lleida,3.7,No,Credit Card
f45b5a9f,51,Female,Gijón,2.7,No,PayPal
ad4b5826,64,Female,Móstoles,4.9,No,Credit Card
17fc713b,35,Male,Barcelona,4.1,No,PayPal
9cb8bdfc,31,Female,Móstoles,4.7,No,Debit Card
83391637,55,Male,Alcalá de Henares,2.5,No,Credit Card
06842e56,69,Male,Castellón,5.0,No,Debit Card
f42d2247,45,Male,Valencia,4.2,No,Debit Card
d9418341,51,Male,Valencia,3.1,Yes,Debit Card
4e04e21b,25,Male,Gijón,2.7,Yes,Credit Card
3f804008,58,Male,Castellón,4.0,No,Credit Card
a58b01d8,25,Male,Castellón,3.1,No,PayPal
e4e64fa9,31,Male,Oviedo,4.1,Yes,Credit Card
98f8902c,56,Male,Oviedo,3.7,No,PayPal
52b64beb,41,Male,Móstoles,4.2,No,Venmo
d2ec637c,28,Female,Alicante,4.2,No,Bank Transfer
780843fa,39,Male,Móstoles,4.2,No,PayPal
0ad47bb6,47,Female,Girona,2.5,No,PayPal
69798161,67,Female,Gijón,4.8,No,Credit Card
a50898ef,42,Female,Girona,3.5,No,PayPal
c2a7fae6,32,Male,Lleida,5.0,Yes,Bank Transfer
561f296a,62,Male,Madrid,4.9,No,PayPal
9ec8fa4e,35,Male,Madrid,4.4,No,Bank Transfer
3af8557e,29,Female,Madrid,3.1,No,Bank Transfer
7ca30754,47,Male,Girona,4.5,Yes,PayPal
57892ed9,68,Male,Castellón,4.4,No,PayPal
ef96ce46,52,Female,Madrid,3.4,No,Debit Card
86be7315,43,Male,Girona,2.9,Yes,Debit Card
71420ce8,67,Female,Lleida,4.1,No,PayPal
f8b28640,33,Female,Gijón,3.9,No,Venmo
e565b9a6,20,Male,Madrid,4.6,No,Credit Card
5b51b636,28,Male,Alcalá de Henares,2.5,No,Cash
c7c4a806,53,Female,Alcalá de Henares,3.4,No,Credit Card
0088443b,19,Male,Alcalá de Henares,3.3,Yes,Credit Card
53b283b3,20,Male,Avilés,4.5,Yes,Credit Card
e1e04c86,53,Male,Lleida,2.7,Yes,Credit Card
8b34114f,61,Male,Castellón,3.5,No,Bank Transfer
3f4c31ec,39,Male,Lleida,4.4,Yes,Bank Transfer
79cfdb32,46,Male,Avilés,3.1,Yes,Cash
e23e78d9,23,Male,Lleida,3.3,No,Bank Transfer
232a3781,49,Male,Castellón,3.6,Yes,Cash
53a0cbc5,64,Male,Girona,2.8,Yes,Debit Card
c0416e67,69,Male,Alicante,2.9,No,Credit Card
ce8ca77e,59,Male,Avilés,4.9,Yes,Debit Card
736f1838,28,Female,Madrid,5.0,No,Credit Card
0fc8c64e,65,Female,Barcelona,4.4,No,Cash
e5a7d00e,28,Male,Valencia,3.0,No,Bank Transfer
09ed5ff2,26,Male,Oviedo,3.9,Yes,Debit Card
5ebea7f1,41,Female,Móstoles,3.5,No,Credit Card
aec6cf4a,32,Male,Barcelona,4.7,No,Cash
78e131dc,61,Male,Lleida,4.4,No,Debit Card
6acd5811,70,Female,Castellón,3.5,No,Venmo
00e36a67,53,Female,Oviedo,2.6,No,PayPal
15700b09,25,Male,Madrid,4.8,No,Cash
037183f1,19,Male,Alcalá de Henares,4.6,No,PayPal
2f151181,59,Male,Girona,2.8,Yes,PayPal
7a39c2c5,64,Male,Madrid,2.9,No,Bank Transfer
3b357646,49,Male,Alcalá de Henares,3.7,No,Debit Card
9c5444e6,23,Male,Avilés,4.0,Yes,Credit Card
2bc662ca,64,Male,Lleida,3.2,Yes,Credit Card
ce6bae4c,41,Male,Barcelona,4.6,No,Credit Card
3b8a7688,19,Male,Avilés,3.4,No,Credit Card
2925aa79,30,Male,Barcelona,4.3,Yes,Venmo
c4fddc09,52,Female,Alcalá de Henares,2.6,No,PayPal
71074a2e,22,Male,Girona,4.1,No,Cash
1f24af44,55,Male,Avilés,4.0,Yes,Credit Card
f5087268,51,Male,Avilés,4.8,Yes,Credit Card
cca2a3bf,48,Male,Gijón,4.8,Yes,Cash
,49,Male,Barcelona,2.9,Yes,Credit Card
f9b501ce,63,Male,Valencia,4.8,Yes,Cash
65fb44b5,64,Male,Madrid,3.2,No,Cash
03f96017,46,Female,Lleida,3.9,No,Cash
152938ab,33,Male,Alicante,2.7,No,Venmo
99ee171e,55,Female,Alcalá de Henares,3.2,No,Credit Card
3e0ae199,46,Female,Gijón,4.7,No,Bank Transfer
73d0a42c,51,Female,Gijón,5.0,No,Cash
f39964d4,53,Male,Lleida,3.6,No,Cash
9bc941be,35,Male,Castellón,2.9,No,Credit Card
f74066d1,67,Male,Madrid,3.5,No,Debit Card
d33f2179,31,Female,Gijón,4.5,No,Venmo
8f9db393,20,Male,Alicante,4.2,No,Debit Card
967a461b,19,Male,Madrid,2.8,Yes,Credit Card
3699e5fc,64,Male,Avilés,2.9,No,Venmo
8bb974de,54,Male,Oviedo,4.4,No,Bank Transfer
a4820463,25,Female,Móstoles,4.6,No,Cash
62d342ad,41,Male,Girona,4.9,No,Debit Card
a791d628,66,Female,Avilés,3.9,No,Credit Card
b2890f4d,59,Male,Oviedo,3.6,Yes,PayPal
4aad3c13,69,Male,Castellón,3.8,No,Debit Card
51902bf6,41,Male,Girona,4.8,No,Cash
a7aae5a0,43,Male,Gijón,4.6,No,Cash
ed9f811e,30,Female,Girona,2.9,No,PayPal
3e7a1ee7,29,Female,Avilés,3.7,No,Venmo
b62dfc44,66,Male,Valencia,4.3,Yes,Cash
409dab76,22,Male,Girona,4.8,No,Cash
202d64bc,66,Male,Girona,3.0,No,PayPal
f5a67b13,41,Female,Alcalá de Henares,2.7,No,Venmo
c2b4f1ff,49,Male,Castellón,4.9,No,Debit Card
8d7b024e,60,Male,Móstoles,3.1,No,Cash
69e25f7d,56,Male,Móstoles,3.0,Yes,Bank Transfer
dfaa73ce,33,Female,Alicante,4.9,No,Venmo
0681021a,38,Male,Oviedo,3.5,Yes,Bank Transfer
9baf2c71,30,Male,Madrid,4.7,No,Debit Card
520dc495,64,Female,Valencia,2.6,No,PayPal
d1685682,58,Female,Castellón,3.7,No,Debit Card
238c5278,40,Male,Valencia,4.0,No,Debit Card
9ac4c397,27,Female,Móstoles,4.9,No,Cash
e9c6b3c6,27,Female,Lleida,4.6,No,PayPal
2ac88601,54,Male,Alcalá de Henares,3.0,No,Credit Card
9b84cf49,38,Male,Valencia,4.5,No,Credit Card
9ef55e21,37,Male,Gijón,3.4,No,Debit Card
1280ef15,35,Male,Avilés,4.7,No,Credit Card
42a0a913,56,Female,Lleida,3.8,No,Bank Transfer
f1aefdee,60,Female,Gijón,4.0,No,PayPal
4d8e1abc,69,Male,Alicante,3.3,No,Bank Transfer
85bd0573,26,Male,Móstoles,3.0,No,Debit Card
7dd139b9,29,Male,Oviedo,3.6,Yes,Venmo
cd774aec,51,Female,Valencia,4.5,No,PayPal
c230e572,44,Male,Avilés,3.4,No,Bank Transfer
7b787684,20,Male,Lleida,4.8,No,Venmo
a0dfcaf8,20,Male,Móstoles,4.2,No,Credit Card
c38b1eb7,30,Male,Móstoles,3.4,No,Cash
49c88bf7,21,Female,Madrid,3.3,No,Credit Card
b88d1696,49,Male,Lleida,4.7,Yes,Cash
ec53a526,28,Female,Lleida,3.4,No,Credit Card
0863e978,69,Male,Alicante,4.5,No,Venmo
0645a27f,59,Female,Valencia,3.0,No,Debit Card
4917496b,27,Male,Lleida,4.8,No,Debit Card
dae06999,68,Female,Oviedo,4.2,No,Bank Transfer
9b847ef4,46,Male,Alcalá de Henares,3.5,No,Venmo
224a3d6c,64,Male,Gijón,3.3,No,Bank Transfer
6bcac51d,32,Female,Alicante,2.5,No,Bank Transfer
99977977,31,Male,Barcelona,4.3,No,Cash
f4a07cca,18,Male,Barcelona,3.5,No,Bank Transfer
7970d0cf,61,Male,Castellón,4.3,Yes,PayPal
1fc3dfa4,46,Female,Madrid,2.6,No,Debit Card
f54aae2b,65,Male,Alcalá de Henares,4.4,No,Credit Card
5f0a0bde,55,Male,Lleida,4.2,Yes,Debit Card
f0d6897b,30,Female,Madrid,5.0,No,Venmo
26481fe1,33,Male,Alcalá de Henares,3.0,No,Venmo
2ac4794c,23,Male,Castellón,4.3,No,Debit Card
7f149e55,68,Female,Móstoles,3.9,No,Venmo
29f516ae,26,Male,Móstoles,2.7,No,Credit Card
b5f745aa,61,Male,Alcalá de Henares,3.5,Yes,Bank Transfer
a9bd3819,25,Male,Oviedo,3.4,Yes,Cash
13983023,48,Male,Oviedo,4.9,Yes,PayPal
45b0ec31,62,Female,Móstoles,3.3,No,Credit Card
0c8481ed,31,Male,Alicante,3.3,Yes,PayPal
4cab48fe,49,Male,Alicante,2.8,No,Debit Card
ab67dfa0,24,Male,Avilés,3.5,Yes,Debit Card
fdcd87d2,39,Female,Alicante,3.5,No,PayPal
ec89b0bb,31,Male,Alcalá de Henares,5.0,No,Venmo
bdae6460,38,Female,Lleida,3.2,No,Bank Transfer
3d97e627,66,Male,Castellón,2.9,No,Credit Card
d28ae3f6,39,Male,Alicante,3.3,Yes,Venmo
3aaf1493,25,Male,Avilés,2.6,No,Venmo
658917ba,23,Male,Alcalá de Henares,4.5,No,Cash
dba07340,35,Male,Barcelona,4.7,No,Credit Card
93109365,69,Male,Oviedo,2.5,No,Cash
76e16ed7,49,Male,Girona,5.0,Yes,Venmo
d1c4dca5,21,Female,Madrid,2.7,No,Bank Transfer
5e25ab6c,18,Male,Valencia,4.4,No,Bank Transfer
9540707c,37,Male,Castellón,4.8,Yes,Venmo
d9edf7f7,59,Female,Alcalá de Henares,3.3,No,Bank Transfer
6b965871,34,Male,Barcelona,5.0,Yes,Cash
13d455d8,65,Male,Barcelona,2.6,Yes,PayPal
cb58f6d4,34,Male,Alcalá de Henares,3.6,Yes,Credit Card
97086b8a,44,Male,Valencia,3.2,No,Venmo
47e9f70d,27,Female,Oviedo,4.9,No,Bank Transfer
57cb4a06,56,Male,Madrid,4.2,No,Debit Card
97f5ee93,53,Male,Castellón,2.9,No,Bank Transfer
09fed685,58,Male,Valencia,3.2,No,Bank Transfer
14c376c2,55,Male,Avilés,4.7,Yes,Credit Card
4c5d7198,50,Male,Castellón,3.1,No,PayPal
d79c6dc4,48,Female,Lleida,2.9,No,Credit Card
636c0685,67,Male,Lleida,3.5,Yes,PayPal
2cb81b4e,61,Male,Barcelona,3.8,No,Venmo
f3c92c79,23,Female,Lleida,4.0,No,Credit Card
8f994217,30,Male,Alcalá de Henares,2.8,No,Bank Transfer
86fae416,52,Male,Madrid,3.8,No,Venmo
a233a427,37,Female,Castellón,4.6,No,PayPal
64dc88ec,40,Male,Lleida,3.2,Yes,PayPal
d95629c8,29,Male,Lleida,4.5,No,Venmo
e6be113d,27,Male,Gijón,3.3,Yes,Credit Card
3e5dc8ad,28,Male,Girona,4.4,Yes,Bank Transfer
32aeb6df,18,Male,Castellón,4.8,No,Credit Card
99ea7f39,49,Female,Móstoles,2.8,No,Cash
99815c0d,37,Male,Madrid,4.3,No,Venmo
8331d70e,33,Male,Oviedo,3.5,Yes,Credit Card
613ad85b,57,Female,Oviedo,4.0,No,Venmo
ade702ab,48,Male,Alicante,3.2,No,Venmo
977ec51f,33,Female,Gijón,4.1,No,PayPal
0c78eef7,28,Female,Gijón,3.8,No,Cash
b80bfd22,60,Male,Alcalá de Henares,3.3,No,Cash
4eb62dd5,62,Male,Avilés,3.3,No,Bank Transfer
3eec8b0f,27,Female,Avilés,4.0,No,Venmo
812f76f0,40,Male,Girona,4.6,Yes,Bank Transfer
fdac1a24,31,Female,Avilés,4.6,No,Credit Card
42e1a9ff,30,Female,Alcalá de Henares,4.2,No,Credit Card
7669c9da,61,Male,Barcelona,4.9,Yes,Cash
361b3369,50,Male,Oviedo,3.9,No,Cash
e5250c88,50,Male,Girona,4.9,No,PayPal
b35aa4fc,56,Female,Oviedo,3.4,No,Cash
a8c5bbc2,29,Female,Madrid,4.8,No,PayPal
fd36a165,26,Male,Castellón,2.9,No,Bank Transfer
39e7e238,61,Female,Girona,2.8,No,Debit Card
48141bda,36,Male,Madrid,3.4,No,Debit Card
618969f3,43,Female,Oviedo,4.5,No,Venmo
514ed7aa,32,Male,Alicante,3.2,Yes,Venmo
2dbb1651,42,Male,Alcalá de Henares,3.8,Yes,Bank Transfer
65f5393b,59,Male,Alicante,3.0,Yes,Cash
c6217e8b,25,Male,Castellón,2.7,No,Credit Card
a1d75674,51,Male,Castellón,4.4,Yes,Credit Card
25003312,59,Male,Avilés,4.0,No,Cash
e39ca303,56,Male,Alcalá de Henares,4.0,Yes,Cash
e8d276c7,41,Male,Castellón,4.2,No,PayPal
0db588c3,37,Female,Castellón,3.6,No,Debit Card
c1953b12,68,Male,Alcalá de Henares,4.2,No,PayPal
fdfabbc1,39,Male,Madrid,3.9,No,Debit Card
35a98b6f,46,Male,Barcelona,3.0,Yes,Credit Card
d71f086a,34,Female,Valencia,2.7,No,Bank Transfer
b0ac1bfa,63,Male,Barcelona,3.1,No,PayPal
3f259d43,28,Male,Madrid,2.7,Yes,Debit Card
00f50e76,56,Male,Oviedo,4.5,No,Credit Card
32be4ca0,68,Female,Alcalá de Henares,3.2,No,Cash
ef176f31,42,Female,Barcelona,2.7,No,Cash
0a0247dd,31,Female,Oviedo,4.8,No,Cash
99c63772,36,Male,Madrid,4.8,Yes,Venmo
742abeee,60,Male,Oviedo,3.0,Yes,Credit Card
8c008bc8,67,Male,Barcelona,3.2,No,Credit Card
b0b94256,31,Male,Castellón,3.6,Yes,Venmo
fc4940f8,18,Male,Valencia,2.9,Yes,Debit Card
8df3ef9b,60,Female,Móstoles,3.4,No,Credit Card
31500ddf,37,Male,Girona,4.2,Yes,Cash
b17691ed,29,Male,Castellón,3.5,Yes,Credit Card
08c78998,26,Female,Barcelona,4.1,No,Debit Card
fd9701e3,28,Male,Avilés,2.9,Yes,Credit Card
1d922ad5,47,Female,Barcelona,2.7,No,Debit Card
33020849,50,Male,Avilés,4.3,No,Cash
6b751342,18,Male,Alicante,2.9,Yes,Credit Card
ebf1d7da,63,Female,Madrid,3.2,No,Cash
7d916c04,50,Male,Lleida,2.9,No,PayPal
d172f8b2,26,Female,Alcalá de Henares,3.6,No,Debit Card
1f5f2b85,61,Female,Alicante,4.1,No,PayPal
cf17cab7,36,Female,Oviedo,2.5,No,Credit Card
b86ef2ed,36,Male,Oviedo,3.6,No,Venmo
f91a25b4,39,Male,Madrid,4.1,No,Credit Card
98d30576,28,Female,Móstoles,2.9,No,Venmo
f2e4032e,66,Female,Madrid,4.7,No,Venmo
15f47d09,40,Female,Gijón,2.6,No,Credit Card
cfcfdef9,51,Female,Alicante,3.7,No,PayPal
aa631aa7,42,Male,Madrid,3.1,Yes,Credit Card
84b2474a,57,Male,Barcelona,3.0,No,PayPal
73c1e911,45,Female,Castellón,4.3,No,Debit Card
d99c05ea,59,Male,Lleida,2.7,No,PayPal
a4255963,47,Male,Móstoles,4.1,No,Debit Card
b5594c00,26,Male,Alicante,4.4,No,Cash
213813bd,69,Male,Gijón,4.6,Yes,Credit Card
1592c025,32,Male,Avilés,4.4,No,Credit Card
3961aecb,68,Male,Alicante,4.2,Yes,Bank Transfer
9efa31fe,23,Male,Madrid,4.1,No,Debit Card
fc3adf09,55,Male,Móstoles,3.1,Yes,Venmo
970ad7fa,68,Male,Oviedo,4.8,No,Bank Transfer
6b22199e,46,Male,Avilés,3.9,No,PayPal
bc2af553,36,Female,Barcelona,4.2,No,Credit Card
e8cff014,57,Female,Madrid,4.7,No,Debit Card
45ae408d,24,Male,Avilés,3.3,No,PayPal
d1c201aa,41,Male,Girona,3.7,Yes,Debit Card
9f497fc5,29,Male,Madrid,4.4,Yes,Debit Card
e25fbd04,40,Male,Barcelona,3.3,No,Cash
1d3e353d,66,Male,Oviedo,4.4,No,Cash
77419f9a,19,Female,Alicante,3.9,No,Credit Card
4f7ebb51,58,Female,Gijón,3.1,No,Bank Transfer
deb10459,63,Female,Avilés,4.8,No,PayPal
513fadd1,41,Female,Avilés,3.8,No,Bank Transfer
ccf931bf,34,Male,Lleida,3.9,Yes,Bank Transfer
db9b7551,29,Male,Barcelona,4.2,No,Cash
238705b9,37,Male,Gijón,3.6,No,Venmo
0287832a,19,Male,Móstoles,3.3,No,Bank Transfer
3b90d90c,53,Male,Barcelona,2.8,Yes,Bank Transfer
de853333,57,Male,Oviedo,3.7,Yes,Debit Card
7cf94e85,67,Male,Girona,4.2,No,PayPal
14378de4,50,Male,Castellón,4.9,Yes,Cash
888167ce,65,Male,Oviedo,4.7,No,Cash
90fbc7ac,21,Male,Barcelona,4.2,No,Debit Card
9984049c,27,Male,Castellón,3.0,No,Debit Card
c4ebb950,31,Male,Madrid,4.7,No,Bank Transfer
0e087de3,60,Male,Gijón,2.9,Yes,PayPal
7ae4639b,40,Male,Móstoles,4.4,No,Credit Card
f03badd2,36,Male,Móstoles,3.8,Yes,Bank Transfer
3247d89f,25,Male,Móstoles,4.4,No,Credit Card
d7657b22,35,Male,Castellón,3.5,Yes,Bank Transfer
86c7f4c4,57,Male,Gijón,2.6,No,Cash
fea53d51,31,Male,Gijón,4.2,No,Credit Card
b3ca6914,54,Male,Alcalá de Henares,3.3,No,PayPal
5bcf3ac8,59,Female,Valencia,3.2,No,PayPal
73dcddf6,18,Male,Madrid,2.6,No,Cash
de43e681,29,Male,Alicante,3.6,No,Debit Card
2f20a8dd,33,Male,Castellón,4.3,Yes,Credit Card
a6a9fc8c,37,Male,Gijón,3.3,No,Debit Card
ee0cf5f8,62,Male,Castellón,4.8,Yes,Venmo
c0973bd3,30,Female,Castellón,3.9,No,Cash
8f56216f,34,Male,Valencia,3.5,No,Venmo
b487194d,23,Male,Alicante,4.0,No,Credit Card
d0d9b030,26,Male,Oviedo,2.9,Yes,Bank Transfer
d5eeb97f,26,Male,Lleida,4.7,No,Debit Card
217a0537,51,Male,Valencia,4.9,Yes,Venmo
b787c69f,60,Male,Valencia,3.7,No,Cash
626a78cd,52,Male,Gijón,3.6,No,Venmo
c79f0f0c,47,Male,Girona,4.3,No,Cash
68d0a24c,49,Male,Girona,3.2,Yes,Credit Card
f3d760eb,62,Male,Lleida,3.7,No,PayPal
d4e10b9f,27,Male,Avilés,3.2,Yes,PayPal
ee6fda18,46,Female,Oviedo,2.8,No,Cash
5eca955f,46,Female,Valencia,2.5,No,Credit Card
21641cd5,23,Female,Girona,4.3,No,Credit Card
7d3d9627,57,Male,Alcalá de Henares,4.1,Yes,PayPal
2de16ed9,37,Male,Girona,2.7,No,Debit Card
8e523f9b,68,Male,Madrid,4.3,Yes,Cash
a719cfd4,56,Female,Girona,3.1,No,Credit Card
0e4f7262,41,Male,Avilés,4.9,Yes,Credit Card
7e492cf9,24,Male,Móstoles,4.7,No,Credit Card
cf4cbbb6,57,Male,Valencia,2.8,No,Debit Card
b2940c0c,46,Male,Alicante,2.6,No,Bank Transfer
c2471030,18,Male,Barcelona,3.0,No,Cash
94ad04ea,35,Male,Lleida,4.7,No,Debit Card
1e7d2b41,57,Male,Alcalá de Henares,4.9,No,Debit Card
2eb0a099,69,Male,Lleida,4.2,Yes,Debit Card
cd7cfe46,65,Female,Oviedo,4.0,No,Venmo
4eb26bbf,35,Male,Alicante,3.2,Yes,Venmo
219f2ec8,36,Male,Oviedo,3.1,Yes,PayPal
406b2fa4,65,Male,Alicante,3.1,Yes,Bank Transfer
a65cd90b,61,Male,Gijón,4.3,Yes,Cash
63ee63b2,34,Male,Lleida,4.3,No,Credit Card
7d2060dc,19,Male,Girona,4.9,Yes,PayPal
c85531eb,51,Male,Girona,3.4,No,Debit Card
a8f12d3f,22,Female,Alcalá de Henares,3.3,No,Cash
f2a125d1,21,Female,Lleida,3.5,No,PayPal
ea3e6f8a,26,Male,Castellón,4.1,Yes,Bank Transfer
29dbcc52,70,Male,Oviedo,3.4,Yes,Bank Transfer
045a6bbd,53,Male,Móstoles,4.3,No,Bank Transfer
4fda7f5e,38,Male,Valencia,4.0,No,Bank Transfer
17b53fde,56,Male,Castellón,4.1,No,Debit Card
361b43fb,32,Male,Alcalá de Henares,4.8,No,Debit Card
e9ec56a0,63,Female,Girona,3.6,No,Venmo
82a61020,63,Female,Lleida,3.5,No,Credit Card
ef749a03,53,Male,Gijón,4.3,Yes,Credit Card
85aff688,52,Male,Alcalá de Henares,4.7,No,Debit Card
27ff185f,53,Female,Madrid,3.8,No,Credit Card
203bfe75,23,Female,Oviedo,4.0,No,Bank Transfer
2a4f3461,32,Male,Lleida,2.9,Yes,Debit Card
7b24330e,47,Female,Alcalá de Henares,3.7,No,Debit Card
a868925b,30,Male,Alicante,4.6,No,PayPal
e99d0df2,68,Male,Alcalá de Henares,4.1,No,Venmo
ebddfce4,67,Male,Alicante,4.6,Yes,Credit Card
ea8649aa,30,Male,Castellón,4.1,No,Cash
83068342,59,Male,Madrid,4.1,No,Venmo
c5ad8ccc,32,Male,Alicante,3.0,Yes,Cash
ec64cd68,48,Male,Valencia,2.6,Yes,Debit Card
50737d39,24,Male,Lleida,4.3,No,Credit Card
83462dca,31,Female,Móstoles,3.3,No,Venmo
65a3fd8e,47,Male,Móstoles,3.9,No,Credit Card
cb4d15cd,61,Male,Girona,2.8,Yes,Cash
42397161,64,Male,Castellón,3.4,Yes,PayPal
82be09ee,53,Male,Gijón,4.1,Yes,PayPal
bf25ca98,28,Female,Valencia,4.3,No,Cash
23446868,70,Female,Gijón,4.5,No,Bank Transfer
4b8621c3,31,Male,Gijón,2.9,Yes,Credit Card
47f6628a,39,Female,Barcelona,2.7,No,PayPal
6452c03e,25,Female,Oviedo,2.6,No,PayPal
9fe30f34,32,Male,Madrid,5.0,No,Cash
c3234dcb,24,Male,Móstoles,3.4,Yes,Bank Transfer
1673e0a3,55,Male,Oviedo,3.2,Yes,Cash
fe62b825,43,Female,Girona,2.6,No,PayPal
1613d74c,32,Male,Avilés,3.7,No,PayPal
f0bf8fb3,31,Female,Avilés,3.7,No,Bank Transfer
64925fc3,34,Female,Castellón,2.6,No,Cash
7a636fcf,46,Male,Oviedo,3.3,No,PayPal
d5743a4b,23,Male,Móstoles,4.5,Yes,Venmo
06846d9f,34,Female,Avilés,3.9,No,Venmo
c121842c,30,Male,Barcelona,2.9,No,PayPal
bb232119,25,Male,Oviedo,4.8,Yes,Credit Card
23999bd4,57,Male,Castellón,3.3,No,Credit Card
b56c7803,65,Male,Alcalá de Henares,5.0,Yes,Debit Card
3149dc10,27,Male,Alcalá de Henares,3.2,Yes,Credit Card
72f5f3c0,58,Male,Gijón,3.7,No,Cash
6ab94e45,50,Female,Gijón,3.0,No,Venmo
01b2ea0b,69,Male,Avilés,2.5,No,Debit Card
8aa9f279,42,Male,Lleida,2.6,No,Bank Transfer
3f0a7f85,51,Male,Girona,3.9,No,PayPal
690769d1,42,Female,Móstoles,4.6,No,PayPal
c3bd15da,28,Male,Madrid,3.0,No,Venmo
840485b7,50,Male,Castellón,2.9,Yes,Debit Card
c41a8802,44,Female,Barcelona,3.5,No,Venmo
a9f2b320,37,Female,Valencia,4.6,No,Debit Card
355d8bf4,22,Male,Alicante,4.9,Yes,Bank Transfer
259be3e7,50,Male,Lleida,4.3,No,Credit Card
b6bdd736,50,Male,Barcelona,3.4,No,Bank Transfer
996dbee1,32,Female,Móstoles,4.0,No,Credit Card
e91695ef,44,Male,Barcelona,3.4,No,PayPal
a76cc9e4,60,Male,Madrid,4.8,No,PayPal
c9ec5449,32,Male,Gijón,3.6,Yes,Venmo
bdf4861c,25,Male,Avilés,3.7,Yes,PayPal
c524117e,62,Male,Avilés,4.6,No,Debit Card
f3f42ff0,68,Male,Avilés,2.9,No,Venmo
c98753b5,51,Male,Alicante,2.6,Yes,Credit Card
5b2b52da,60,Male,Oviedo,3.4,No,Credit Card
f7ded412,56,Female,Lleida,3.5,No,Bank Transfer
bfa660fc,42,Female,Alicante,3.5,No,Bank Transfer
982532dc,18,Male,Gijón,3.6,Yes,PayPal
93a7f078,35,Male,Alicante,4.8,No,PayPal
0fdd8807,35,Female,Móstoles,4.2,No,Debit Card
f25571d4,56,Male,Móstoles,3.4,Yes,Venmo
942c3860,59,Male,Valencia,3.5,No,Venmo
686a275e,44,Female,Gijón,3.8,No,Venmo
55de43a2,30,Male,Girona,3.0,Yes,Credit Card
790cfa05,25,Male,Castellón,3.8,No,Credit Card
c20a13f1,56,Female,Valencia,4.5,No,Venmo
b51ffcce,25,Male,Castellón,2.8,No,Debit Card
d45690c0,50,Female,Valencia,4.4,No,PayPal
de3b46a5,68,Male,Madrid,3.3,No,Credit Card
9efa3523,32,Male,Oviedo,4.3,No,Cash
77feded3,45,Male,Gijón,3.8,No,Cash
3c033ba1,24,Male,Barcelona,4.4,Yes,Venmo
6a914596,26,Male,Oviedo,3.0,No,Bank Transfer
ffe4c7e4,28,Male,Castellón,4.3,Yes,Bank Transfer
4af1d988,27,Female,Barcelona,3.2,No,Cash
35df51ac,45,Male,Valencia,4.4,Yes,Debit Card
b10cc43e,28,Male,Avilés,3.2,Yes,PayPal
a7cad17c,37,Male,Avilés,4.6,No,Debit Card
7dede627,36,Female,Lleida,2.7,No,PayPal
a08a421e,23,Male,Barcelona,2.9,No,Debit Card
fdd9453c,44,Male,Lleida,4.0,No,Cash
33d11a44,33,Male,Castellón,4.7,Yes,Venmo
4d97442d,64,Male,Castellón,3.6,No,Credit Card
491e192d,18,Male,Valencia,4.2,No,Credit Card
f297a403,46,Female,Oviedo,3.3,No,Bank Transfer
2ebf5ba8,36,Male,Castellón,4.4,No,Venmo
5a39a8aa,53,Male,Barcelona,2.5,Yes,Bank Transfer
8a93d6a6,46,Female,Girona,4.3,No,Credit Card
9925f8c1,65,Male,Valencia,4.1,Yes,Cash
4cd3a3f5,18,Female,Castellón,4.8,No,Bank Transfer
2b05f6c0,58,Male,Alicante,3.4,No,Bank Transfer
65e6e5bc,27,Male,Oviedo,4.4,Yes,Venmo
9eb603bc,60,Female,Gijón,4.4,No,Venmo
07d6c5c0,69,Male,Castellón,2.6,No,Debit Card
93abfbca,27,Male,Gijón,3.3,Yes,Debit Card
1902663b,58,Male,Lleida,4.2,No,PayPal
c0097955,26,Female,Gijón,4.9,No,Cash
0f89cad2,62,Male,Madrid,4.1,Yes,PayPal
192febbd,43,Female,Madrid,4.6,No,Credit Card
56226bd2,43,Female,Barcelona,3.0,No,PayPal
8b1b9b90,61,Male,Oviedo,2.6,No,Credit Card
dd4eb2be,29,Male,Girona,3.8,No,Debit Card
7bbaf74c,41,Male,Alicante,4.7,Yes,Credit Card
5b67f503,36,Female,Alicante,4.9,No,Credit Card
7e089b5e,31,Male,Móstoles,4.4,No,PayPal
0d9c8d8d,20,Female,Gijón,4.6,No,Credit Card
92b8726e,68,Male,Alicante,3.2,No,Venmo
db2a874c,64,Male,Valencia,3.7,No,Credit Card
d85f5d46,19,Female,Oviedo,4.8,No,PayPal
f5e1b7dd,48,Male,Móstoles,5.0,Yes,Credit Card
0976a4ef,56,Male,Alicante,2.5,Yes,Credit Card
fc499f63,34,Male,Girona,4.1,No,Cash
9ab732a0,54,Male,Barcelona,3.7,No,Debit Card
02283131,43,Male,Castellón,5.0,Yes,Credit Card
4a2596ba,59,Male,Avilés,3.3,No,PayPal
7ae9630b,34,Male,Lleida,3.2,Yes,Cash
2dd37fdc,53,Male,Valencia,2.7,Yes,Credit Card
03a5446c,57,Female,Gijón,4.0,No,Credit Card
007a3054,47,Male,Girona,3.1,Yes,Debit Card
50bc45ef,58,Male,Girona,4.2,Yes,PayPal
de236e97,37,Male,Castellón,3.7,No,Venmo
be0288c3,24,Female,Alicante,2.8,No,Cash
bd1baf48,70,Male,Castellón,4.1,No,Venmo
33f00377,55,Female,Gijón,2.6,No,Bank Transfer
7a1b8105,24,Male,Alcalá de Henares,4.6,No,PayPal
1cee1c55,56,Male,Castellón,4.6,Yes,Bank Transfer
61c87e7f,35,Male,Móstoles,3.1,No,Bank Transfer
02e80ad7,18,Male,Alicante,3.8,No,Credit Card
9503b3ce,30,Male,Alicante,3.7,Yes,Venmo
00fa2106,41,Male,Madrid,3.9,No,Debit Card
2ac07405,62,Female,Oviedo,4.5,No,Bank Transfer
5fb1ce42,39,Female,Oviedo,3.4,No,Cash
dfe5fc8f,29,Male,Oviedo,3.5,No,Debit Card
3c3b0066,42,Female,Avilés,3.4,No,Cash
2330,49,Male,Valencia,4.8,No,Bank Transfer
356,37,Male,Girona,4.1,Yes,PayPal
1901,65,Male,Avilés,3.3,No,Cash
3866,25,Female,Madrid,4.2,No,Cash
1570,20,Male,Alicante,2.9,No,Debit Card
25,18,Male,Avilés,2.9,Yes,Debit Card
319,45,Male,Barcelona,2.5,Yes,Cash
64,33,Male,Girona,2.7,Yes,Credit Card
2222,25,Male,Alicante,3.0,No,Credit Card
849,48,Male,Gijón,3.6,Yes,Credit Card
2291,37,Male,Valencia,3.3,No,PayPal
3230,54,Female,Alicante,2.7,No,Cash
3267,49,Female,Barcelona,4.2,No,Bank Transfer
3476,48,Female,Gijón,4.4,No,Cash
3711,60,Female,Móstoles,3.6,No,Bank Transfer
3081,69,Female,Valencia,4.1,No,Cash
1929,25,Male,Móstoles,3.7,No,PayPal
1135,62,Male,Avilés,4.6,No,Venmo
2525,60,Male,Avilés,3.7,No,Credit Card
3334,55,Female,Alicante,4.2,No,PayPal
3417,25,Female,Castellón,3.2,No,Bank Transfer
677,28,Male,Valencia,2.9,Yes,Venmo
2540,33,Male,Alcalá de Henares,4.1,No,Cash
3821,34,Female,Girona,5.0,No,Debit Card
3613,47,Female,Avilés,3.6,No,Cash
556,63,Male,Oviedo,4.8,Yes,Venmo
3188,67,Female,Barcelona,3.2,No,Debit Card
1680,60,Male,Oviedo,4.5,No,Debit Card
3027,55,Female,Avilés,2.5,No,Credit Card
2507,57,Male,Alcalá de Henares,4.4,No,Venmo
3503,31,Female,Alicante,4.7,No,Bank Transfer
385,70,Male,Girona,4.5,Yes,Venmo
1131,67,Male,Avilés,3.9,No,PayPal
2236,40,Male,Alicante,4.5,No,Credit Card
2218,35,Male,Barcelona,2.6,No,Bank Transfer
2771,50,Female,Avilés,3.3,No,Bank Transfer
1420,43,Male,Madrid,2.6,No,Debit Card
1584,37,Male,Castellón,4.3,No,Venmo
2942,38,Female,Móstoles,3.7,No,PayPal
3805,37,Female,Gijón,2.7,No,Cash
3163,66,Female,Madrid,3.9,No,Bank Transfer
1267,20,Male,Lleida,4.0,No,Debit Card
245,53,Male,Avilés,4.9,Yes,PayPal
484,23,Male,Girona,3.9,Yes,Debit Card
3758,61,Female,Barcelona,4.5,No,Cash
3498,35,Female,Castellón,4.3,No,Venmo
1490,24,Male,Madrid,4.1,No,Venmo
3786,64,Female,Oviedo,3.8,No,Cash
1320,65,Male,Alcalá de Henares,4.0,No,Bank Transfer
250,53,Male,Alicante,4.2,Yes,Credit Card
2561,58,Male,Barcelona,2.7,No,Debit Card
2857,65,Female,Lleida,3.5,No,Credit Card
3307,63,Female,Alicante,3.6,No,Venmo
1695,20,Male,Castellón,2.7,No,Debit Card
2622,48,Male,Madrid,3.0,No,Bank Transfer
1205,67,Male,Oviedo,3.2,No,Credit Card
2054,19,Male,Alicante,4.5,No,Credit Card
3520,31,Female,Girona,3.7,No,Bank Transfer
1544,56,Male,Oviedo,4.0,No,Venmo
3397,29,Female,Madrid,5.0,No,PayPal
2118,27,Male,Alcalá de Henares,3.8,No,Debit Card
1803,57,Male,Alicante,2.6,No,Venmo
3645,35,Female,Lleida,2.6,No,Venmo
1885,27,Male,Avilés,4.3,No,Bank Transfer
3088,62,Female,Girona,3.1,No,Bank Transfer
104,54,Male,Gijón,4.0,Yes,Venmo
251,33,Male,Alicante,4.0,Yes,Bank Transfer
2375,69,Male,Alicante,4.7,No,Debit Card
2691,44,Female,Oviedo,4.7,No,Bank Transfer
3385,39,Female,Castellón,3.8,No,Venmo
2264,44,Male,Valencia,3.5,No,Cash
2448,59,Male,Castellón,3.2,No,Venmo
3695,45,Female,Madrid,2.6,No,PayPal
2517,46,Male,Valencia,4.6,No,Debit Card
642,47,Male,Barcelona,3.9,Yes,Credit Card
3211,30,Female,Gijón,2.9,No,Venmo
1999,20,Male,Oviedo,3.4,No,Cash
1831,50,Male,Oviedo,4.8,No,Venmo
3332,55,Female,Alicante,3.5,No,PayPal
607,27,Male,Barcelona,4.5,Yes,PayPal
2277,31,Male,Girona,4.1,No,Debit Card
334,39,Male,Girona,4.5,Yes,Bank Transfer
1016,68,Male,Girona,4.1,Yes,Cash
1379,37,Male,Alicante,3.6,No,Venmo
243,55,Male,Oviedo,4.3,Yes,Debit Card
429,21,Male,Móstoles,2.9,Yes,Debit Card
2824,26,Female,Girona,4.5,No,Debit Card
3323,52,Female,Valencia,4.6,No,PayPal
2717,47,Female,Barcelona,2.7,No,Debit Card
1166,51,Male,Móstoles,2.9,No,Venmo
2556,24,Male,Avilés,3.5,No,Credit Card
341,40,Male,Alicante,3.5,Yes,Venmo
3105,43,Female,Alcalá de Henares,5.0,No,Debit Card
2952,47,Female,Barcelona,4.6,No,Cash
2175,42,Male,Oviedo,2.9,No,Cash
2097,21,Male,Girona,4.7,No,Debit Card
260,32,Male,Valencia,2.9,Yes,Debit Card
1919,35,Male,Madrid,4.6,No,Debit Card
946,38,Male,Avilés,4.1,Yes,Venmo
3035,51,Female,Madrid,3.5,No,Credit Card
3322,32,Female,Oviedo,4.3,No,Venmo
2932,36,Female,Alicante,4.5,No,Credit Card
2962,33,Female,Avilés,2.8,No,Debit Card
1350,21,Male,Gijón,3.2,No,Cash
1800,32,Male,Alicante,3.9,No,Venmo
646,62,Male,Alcalá de Henares,4.2,Yes,Venmo
2496,40,Male,Oviedo,3.1,No,Credit Card
3138,34,Female,Oviedo,2.7,No,Bank Transfer
3400,40,Female,Alcalá de Henares,3.3,No,Debit Card
7,63,Male,Avilés,3.2,Yes,Cash
3543,62,Female,Madrid,4.2,No,Venmo
214,30,Male,Oviedo,4.4,Yes,Debit Card
1988,69,Male,Valencia,3.4,No,Cash
1731,23,Male,Alcalá de Henares,4.2,No,Credit Card
1699,25,Male,Móstoles,4.8,No,Bank Transfer
471,50,Male,Gijón,4.6,Yes,Cash
3757,64,Female,Lleida,4.8,No,Debit Card
5,45,Male,Barcelona,2.7,Yes,PayPal
2827,32,Female,Castellón,3.6,No,Venmo
2122,43,Male,Alcalá de Henares,3.5,No,Bank Transfer
1593,56,Male,Gijón,3.3,No,Bank Transfer
1554,27,Male,Alicante,4.8,No,Debit Card
2577,20,Male,Madrid,4.2,No,Debit Card
2299,40,Male,Gijón,2.9,No,Cash
2835,39,Female,Alicante,2.9,No,Credit Card
3741,42,Female,Oviedo,2.6,No,Debit Card
1217,62,Male,Alcalá de Henares,3.7,No,Venmo
1393,31,Male,Alcalá de Henares,4.2,No,Venmo
3671,31,Female,Valencia,3.8,No,PayPal
790,33,Male,Oviedo,2.7,Yes,Credit Card
1098,58,Male,Castellón,3.2,No,Bank Transfer
3029,62,Female,Alcalá de Henares,3.0,No,PayPal
3074,58,Female,Barcelona,3.6,No,Debit Card
2874,44,Female,Móstoles,2.6,No,Bank Transfer
459,47,Male,Barcelona,4.0,Yes,PayPal
283,21,Male,Valencia,3.0,Yes,Cash
2356,22,Male,Madrid,4.1,No,Cash
2861,28,Female,Oviedo,2.9,No,Bank Transfer
1787,45,Male,Girona,4.6,No,Venmo
3662,63,Female,Avilés,3.5,No,Credit Card
317,36,Male,Oviedo,3.3,Yes,Venmo
2279,61,Male,Barcelona,3.8,No,Cash
106,69,Male,Barcelona,3.6,Yes,Bank Transfer
3157,18,Female,Lleida,3.1,No,Cash
3753,24,Female,Madrid,4.1,No,Venmo
3128,55,Female,Alicante,3.4,No,Credit Card
3258,44,Female,Gijón,3.3,No,Venmo
3478,53,Female,Madrid,3.8,No,Debit Card
1278,19,Male,Valencia,5.0,No,Venmo
2732,52,Female,Oviedo,2.5,No,Bank Transfer
455,37,Male,Valencia,3.2,Yes,Cash
3287,45,Female,Gijón,5.0,No,Venmo
1742,41,Male,Alicante,3.6,No,Bank Transfer
1463,38,Male,Avilés,4.8,No,Venmo
2902,41,Female,Castellón,2.6,No,Credit Card
1432,39,Male,Oviedo,2.9,No,Venmo
696,30,Male,Valencia,3.7,Yes,Debit Card
675,48,Male,Madrid,4.7,Yes,Bank Transfer
100,26,Male,Gijón,3.7,Yes,Debit Card
2698,42,Female,Girona,3.2,No,Bank Transfer
3874,42,Female,Alcalá de Henares,4.0,No,Credit Card
3479,36,Female,Móstoles,4.6,No,PayPal
81,19,Male,Girona,3.3,Yes,Credit Card
2368,66,Male,Girona,3.4,No,Bank Transfer
3485,44,Female,Valencia,4.2,No,Credit Card
3441,45,Female,Madrid,4.3,No,PayPal
3114,46,Female,Lleida,2.6,No,Debit Card
2573,54,Male,Avilés,3.9,No,Bank Transfer
2558,70,Male,Avilés,3.9,No,PayPal
122,19,Male,Lleida,4.2,Yes,Cash
1538,68,Male,Girona,3.2,No,Venmo
3408,46,Female,Avilés,2.6,No,Cash
2650,23,Male,Madrid,3.9,No,Bank Transfer
2526,39,Male,Avilés,4.2,No,PayPal
3342,55,Female,Girona,4.5,No,Credit Card
111,56,Male,Alcalá de Henares,4.0,Yes,Venmo
43,20,Male,Girona,4.1,Yes,PayPal
284,32,Male,Alicante,3.2,Yes,Venmo
2509,23,Male,Madrid,3.1,No,Debit Card
2718,18,Female,Castellón,4.3,No,Credit Card
1865,19,Male,Gijón,3.2,No,Venmo
1240,62,Male,Madrid,4.8,No,Debit Card
1588,41,Male,Lleida,3.5,No,Credit Card
1062,36,Male,Gijón,4.4,No,Venmo
2450,26,Male,Lleida,4.1,No,Venmo
778,55,Male,Valencia,2.5,Yes,Venmo
1768,69,Male,Girona,3.8,No,Debit Card
1574,36,Male,Castellón,4.3,No,Debit Card
2614,58,Male,Oviedo,2.9,No,Bank Transfer
1903,31,Male,Castellón,5.0,No,Venmo
2513,50,Male,Barcelona,4.9,No,Credit Card
3592,48,Female,Madrid,3.2,No,Bank Transfer
605,44,Male,Valencia,4.4,Yes,Credit Card
1566,58,Male,Lleida,4.2,No,PayPal
1084,35,Male,Móstoles,3.3,No,Cash
3207,36,Female,Madrid,3.0,No,PayPal
3544,58,Female,Oviedo,4.1,No,PayPal
3360,43,Female,Alicante,3.9,No,Debit Card
1636,68,Male,Oviedo,3.2,No,Cash
363,53,Male,Girona,3.4,Yes,Venmo
2799,52,Female,Lleida,4.8,No,PayPal
1581,65,Male,Avilés,3.7,No,Cash
2421,41,Male,Barcelona,4.2,No,PayPal
1142,39,Male,Lleida,4.7,No,PayPal
3392,47,Female,Valencia,3.7,No,Debit Card
2403,45,Male,Oviedo,3.8,No,Cash
1189,68,Male,Castellón,3.3,No,Credit Card
3113,19,Female,Gijón,3.8,No,Venmo
403,31,Male,Madrid,3.0,Yes,PayPal
229,18,Male,Madrid,2.9,Yes,Credit Card
2378,44,Male,Lleida,4.0,No,Cash
2442,45,Male,Móstoles,4.7,No,Credit Card
3784,39,Female,Gijón,3.2,No,Debit Card
3689,52,Female,Móstoles,3.0,No,Cash
3516,19,Female,Alcalá de Henares,4.0,No,Debit Card
451,25,Male,Barcelona,2.7,Yes,Credit Card
3042,48,Female,Avilés,4.0,No,PayPal
2624,49,Male,Móstoles,4.8,No,Cash
2185,38,Male,Lleida,3.2,No,PayPal
523,65,Male,Lleida,2.5,Yes,Cash
3626,44,Female,Madrid,4.4,No,PayPal
971,45,Male,Gijón,4.4,Yes,Cash
2885,55,Female,Gijón,3.4,No,Credit Card
2575,27,Male,Avilés,4.6,No,Credit Card
2862,66,Female,Avilés,3.4,No,Credit Card
133,30,Male,Barcelona,4.7,Yes,PayPal
956,55,Male,Móstoles,3.4,Yes,PayPal
2167,31,Male,Castellón,3.5,No,Credit Card
3756,64,Female,Barcelona,3.4,No,Credit Card
1215,30,Male,Lleida,3.8,No,Cash
913,24,Male,Valencia,3.4,Yes,Bank Transfer
1311,43,Male,Alicante,3.1,No,Credit Card
3496,24,Female,Valencia,2.8,No,Cash
2883,59,Female,Girona,2.6,No,Credit Card
3577,29,Female,Castellón,3.0,No,Venmo
3900,52,Female,Alicante,3.1,No,Venmo
3382,57,Female,Alicante,4.7,No,Credit Card
1862,29,Male,Lleida,3.6,No,Debit Card
1247,27,Male,Gijón,2.7,No,Cash
1595,40,Male,Girona,3.7,No,Cash
1811,41,Male,Alicante,2.7,No,Cash
1512,34,Male,Barcelona,3.6,No,Credit Card
2198,33,Male,Girona,3.7,No,Venmo
1298,44,Male,Madrid,4.6,No,Venmo
2435,36,Male,Castellón,5.0,No,Credit Card
1833,69,Male,Gijón,4.6,No,Cash
2012,57,Male,Lleida,3.7,No,Bank Transfer
3224,68,Female,Girona,3.9,No,Venmo
2385,24,Male,Gijón,3.3,No,PayPal
345,24,Male,Gijón,4.0,Yes,Debit Card
1673,18,Male,Lleida,3.8,No,Venmo
670,43,Male,Móstoles,3.3,Yes,Venmo
865,51,Male,Lleida,3.9,Yes,PayPal
1253,28,Male,Madrid,4.0,No,Cash
3103,51,Female,Móstoles,4.3,No,Cash
904,44,Male,Madrid,3.3,Yes,PayPal
2157,38,Male,Alicante,3.6,No,Debit Card
1902,56,Male,Móstoles,3.9,No,Cash
2920,64,Female,Oviedo,3.8,No,Debit Card
1556,43,Male,Alicante,4.5,No,Cash
2199,57,Male,Oviedo,3.5,No,Venmo
3115,21,Female,Gijón,4.7,No,Venmo
2644,49,Male,Madrid,2.9,No,Cash
1975,27,Male,Madrid,4.6,No,PayPal
1092,44,Male,Valencia,4.7,No,Credit Card
576,58,Male,Alicante,4.8,Yes,PayPal
27,38,Male,Valencia,3.6,Yes,Credit Card
1672,31,Male,Alcalá de Henares,4.0,No,Bank Transfer
2367,30,Male,Barcelona,3.6,No,Credit Card
448,60,Male,Alcalá de Henares,3.6,Yes,Bank Transfer
859,19,Male,Alcalá de Henares,3.1,Yes,PayPal
2955,33,Female,Lleida,3.9,No,Credit Card
2631,29,Male,Valencia,4.2,No,Cash
2710,35,Female,Madrid,2.9,No,Credit Card
2820,67,Female,Valencia,3.0,No,Cash
3682,26,Female,Madrid,4.2,No,Debit Card
3369,30,Female,Castellón,4.8,No,Bank Transfer
1264,41,Male,Valencia,4.6,No,Credit Card
1758,19,Male,Avilés,3.6,No,Debit Card
2260,60,Male,Gijón,3.3,No,Cash
2492,63,Male,Oviedo,2.5,No,Bank Transfer
3590,31,Female,Gijón,4.8,No,Cash
1347,44,Male,Oviedo,3.0,No,Venmo
2678,45,Female,Lleida,3.8,No,PayPal
1242,58,Male,Girona,3.1,No,Credit Card
1235,38,Male,Valencia,4.1,No,Bank Transfer
3335,66,Female,Girona,3.4,No,Credit Card
2409,23,Male,Avilés,4.2,No,Debit Card
903,43,Male,Castellón,2.8,Yes,Cash
891,52,Male,Alcalá de Henares,4.3,Yes,Credit Card
1041,68,Male,Alicante,4.0,Yes,Cash
1545,30,Male,Alcalá de Henares,3.9,No,Debit Card
1220,19,Male,Gijón,2.5,No,Credit Card
3130,60,Female,Madrid,4.7,No,Venmo
1531,59,Male,Girona,3.9,No,Bank Transfer
2928,45,Female,Valencia,2.7,No,Venmo
3859,30,Female,Alcalá de Henares,3.5,No,Credit Card
263,37,Male,Avilés,3.7,Yes,Debit Card
3768,59,Female,Gijón,3.1,No,Bank Transfer
1547,60,Male,Alicante,3.8,No,Bank Transfer
14,65,Male,Alcalá de Henares,4.7,Yes,PayPal
3065,22,Female,Móstoles,3.6,No,Bank Transfer
1308,23,Male,Barcelona,3.1,No,PayPal
2655,23,Female,Lleida,4.1,No,PayPal
439,52,Male,Oviedo,4.3,Yes,Credit Card
792,50,Male,Gijón,3.1,Yes,PayPal
2293,43,Male,Avilés,3.8,No,Debit Card
1349,19,Male,Móstoles,3.2,No,Credit Card
61,50,Male,Girona,4.0,Yes,Cash
1532,63,Male,Barcelona,4.5,No,PayPal
3863,56,Female,Gijón,2.8,No,Venmo
1339,56,Male,Móstoles,2.6,No,PayPal
695,41,Male,Valencia,3.5,Yes,Venmo
2761,41,Female,Girona,5.0,No,Credit Card
3638,32,Female,Barcelona,3.6,No,Credit Card
2127,63,Male,Castellón,4.1,No,Credit Card
1966,67,Male,Alicante,4.9,No,Debit Card
3703,58,Female,Girona,2.7,No,Venmo
3842,68,Female,Móstoles,4.2,No,Bank Transfer
2798,63,Female,Móstoles,3.5,No,Venmo
601,22,Male,Castellón,5.0,Yes,Venmo
1652,59,Male,Oviedo,3.9,No,Debit Card
1151,29,Male,Alicante,2.7,No,Venmo
1001,43,Male,Móstoles,3.9,Yes,Bank Transfer
2975,57,Female,Lleida,4.1,No,Credit Card
726,61,Male,Castellón,3.1,Yes,Debit Card
2701,22,Female,Alcalá de Henares,3.2,No,Cash
1319,52,Male,Lleida,2.7,No,Credit Card
2976,61,Female,Avilés,4.5,No,Cash
3602,34,Female,Móstoles,3.0,No,PayPal
2657,52,Female,Lleida,3.6,No,Bank Transfer
2161,45,Male,Gijón,3.3,No,PayPal
1288,24,Male,Móstoles,3.4,No,PayPal
1861,18,Male,Girona,4.8,No,Credit Card
1337,23,Male,Oviedo,4.8,No,Debit Card
1989,46,Male,Castellón,3.9,No,Bank Transfer
3621,60,Female,Alicante,2.9,No,Credit Card
1573,37,Male,Oviedo,3.4,No,Debit Card
2219,67,Male,Lleida,3.5,No,Debit Card
1878,69,Male,Valencia,3.6,No,Credit Card
155,41,Male,Oviedo,3.6,Yes,Venmo
2911,32,Female,Madrid,2.9,No,Credit Card
1799,40,Male,Alcalá de Henares,3.7,No,Cash
3523,27,Female,Alicante,3.2,No,Cash
3229,37,Female,Gijón,4.6,No,PayPal
503,59,Male,Gijón,2.8,Yes,PayPal
2413,53,Male,Gijón,4.3,No,Bank Transfer
2648,60,Male,Oviedo,3.3,No,Debit Card
2229,54,Male,Barcelona,3.7,No,Credit Card
1444,58,Male,Móstoles,4.2,No,Cash
2508,58,Male,Alicante,2.9,No,Credit Card
1295,27,Male,Avilés,4.5,No,Cash
1362,49,Male,Avilés,3.7,No,Debit Card
588,29,Male,Alicante,4.2,Yes,Debit Card
3862,64,Female,Lleida,4.9,No,Credit Card
1496,45,Male,Lleida,4.5,No,PayPal
3151,55,Female,Lleida,2.6,No,Bank Transfer
1646,53,Male,Lleida,2.8,No,Venmo
3624,39,Female,Móstoles,2.7,No,PayPal
1484,39,Male,Valencia,4.7,No,Debit Card
1103,52,Male,Móstoles,2.9,No,Cash
500,36,Male,Gijón,4.8,Yes,PayPal
2387,19,Male,Valencia,2.9,No,Venmo
2397,38,Male,Alcalá de Henares,3.7,No,Venmo
2625,19,Male,Madrid,3.3,No,Credit Card
112,26,Male,Barcelona,5.0,Yes,Credit Card
2855,36,Female,Madrid,2.7,No,Venmo
950,33,Male,Avilés,3.4,Yes,Venmo
3514,30,Female,Avilés,4.2,No,Credit Card
1724,70,Male,Alicante,3.3,No,PayPal
3809,33,Female,Barcelona,4.7,No,Debit Card
1611,20,Male,Castellón,3.4,No,PayPal
3825,54,Female,Valencia,4.0,No,Credit Card
3175,45,Female,Valencia,3.8,No,PayPal
3614,58,Female,Oviedo,3.5,No,Venmo
2790,28,Female,Alicante,5.0,No,Credit Card
3302,36,Female,Barcelona,2.5,No,Credit Card
2239,40,Male,Alicante,3.8,No,Debit Card
2632,53,Male,Castellón,2.7,No,Cash
1161,37,Male,Valencia,3.2,No,Venmo
3092,68,Female,Móstoles,3.4,No,Credit Card
2987,62,Female,Gijón,3.3,No,Credit Card
2284,44,Male,Castellón,4.1,No,Credit Card
804,32,Male,Girona,2.8,Yes,Venmo
2366,52,Male,Madrid,2.5,No,Venmo
843,59,Male,Valencia,3.6,Yes,PayPal
164,54,Male,Alcalá de Henares,3.4,Yes,Debit Card
2139,67,Male,Valencia,2.8,No,Venmo
685,63,Male,Avilés,4.7,Yes,Debit Card
3578,66,Female,Gijón,2.6,No,Bank Transfer
2063,54,Male,Girona,2.8,No,Cash
3021,23,Female,Madrid,2.8,No,Venmo
3236,27,Female,Madrid,4.0,No,Venmo
825,61,Male,Lleida,3.0,Yes,Cash
3260,57,Female,Valencia,3.7,No,Debit Card
1122,63,Male,Oviedo,3.2,No,Cash
1477,39,Male,Gijón,4.1,No,Credit Card
3804,48,Female,Gijón,3.6,No,Debit Card
3726,18,Female,Lleida,4.4,No,PayPal
3126,33,Female,Gijón,4.0,No,Cash
814,54,Male,Girona,2.9,Yes,Debit Card
139,68,Male,Barcelona,4.4,Yes,Bank Transfer
585,70,Male,Barcelona,4.7,Yes,Debit Card
656,20,Male,Castellón,3.1,Yes,Venmo
2696,50,Female,Gijón,3.6,No,PayPal
3717,57,Female,Móstoles,3.4,No,Debit Card
1798,62,Male,Alcalá de Henares,3.9,No,Venmo
3570,35,Female,Alcalá de Henares,3.3,No,Bank Transfer
316,66,Male,Madrid,4.5,Yes,Debit Card
1601,20,Male,Madrid,4.7,No,PayPal
2527,47,Male,Valencia,3.4,No,PayPal
335,41,Male,Avilés,2.6,Yes,Credit Card
2221,19,Male,Lleida,4.5,No,Cash
2339,66,Male,Móstoles,4.0,No,PayPal
1585,41,Male,Madrid,3.1,No,Credit Card
1797,62,Male,Girona,3.1,No,Venmo
3704,30,Female,Madrid,2.9,No,PayPal
3561,18,Female,Madrid,3.5,No,Credit Card
2052,65,Male,Barcelona,3.8,No,Credit Card
1323,23,Male,Barcelona,4.0,No,Bank Transfer
438,45,Male,Madrid,2.6,Yes,PayPal
2447,38,Male,Gijón,2.9,No,Credit Card
661,50,Male,Valencia,5.0,Yes,Credit Card
1144,68,Male,Castellón,4.4,No,PayPal
2683,59,Female,Girona,3.9,No,Venmo
2379,26,Male,Girona,2.7,No,PayPal
454,54,Male,Madrid,2.8,Yes,Credit Card
2103,23,Male,Girona,4.5,No,Cash
1104,35,Male,Barcelona,4.3,No,Debit Card
354,63,Male,Alcalá de Henares,4.1,Yes,Debit Card
1473,39,Male,Madrid,3.5,No,Cash
3233,45,Female,Castellón,4.0,No,Bank Transfer
2394,58,Male,Oviedo,5.0,No,PayPal
1424,51,Male,Barcelona,3.5,No,Venmo
487,38,Male,Madrid,2.8,Yes,Venmo
842,55,Male,Oviedo,2.6,Yes,PayPal
3099,66,Female,Lleida,3.3,No,Bank Transfer
2156,32,Male,Gijón,3.7,No,PayPal
203,57,Male,Móstoles,2.7,Yes,Venmo
2068,60,Male,Lleida,3.1,No,Cash
1688,67,Male,Oviedo,3.7,No,PayPal
392,37,Male,Castellón,4.8,Yes,Cash
2659,52,Female,Oviedo,3.2,No,PayPal
1633,35,Male,Valencia,4.7,No,Debit Card
3240,33,Female,Móstoles,2.7,No,Cash
655,24,Male,Oviedo,4.4,Yes,Venmo
749,35,Male,Gijón,3.9,Yes,Bank Transfer
549,36,Male,Gijón,4.6,Yes,Debit Card
2289,28,Male,Móstoles,3.8,No,PayPal
707,46,Male,Madrid,4.8,Yes,Debit Card
526,51,Male,Gijón,3.2,Yes,Debit Card
2989,69,Female,Avilés,5.0,No,Debit Card
2523,20,Male,Castellón,2.5,No,Debit Card
812,18,Male,Valencia,2.7,Yes,Venmo
1834,34,Male,Valencia,4.5,No,PayPal
3198,27,Female,Girona,3.2,No,Credit Card
1893,39,Male,Barcelona,4.6,No,Venmo
2656,26,Female,Barcelona,3.4,No,Credit Card
1541,28,Male,Gijón,2.9,No,Bank Transfer
2392,42,Male,Oviedo,4.6,No,Bank Transfer
2282,28,Male,Madrid,3.0,No,Bank Transfer
1270,43,Male,Gijón,3.0,No,PayPal
1735,31,Male,Girona,3.1,No,PayPal
1169,68,Male,Girona,3.6,No,Debit Card
501,36,Male,Barcelona,4.8,Yes,Venmo
1980,49,Male,Valencia,2.8,No,Debit Card
844,65,Male,Avilés,3.2,Yes,PayPal
3547,60,Female,Alcalá de Henares,3.6,No,Bank Transfer
3414,34,Female,Avilés,2.5,No,PayPal
2261,38,Male,Alcalá de Henares,4.9,No,PayPal
645,68,Male,Avilés,4.3,Yes,Cash
3294,19,Female,Alicante,3.5,No,Credit Card
531,48,Male,Lleida,3.2,Yes,Credit Card
1333,66,Male,Lleida,4.3,No,Bank Transfer
2957,52,Female,Alicante,3.7,No,Venmo
3886,49,Female,Valencia,3.2,No,Cash
830,42,Male,Alicante,3.1,Yes,Credit Card
2946,32,Female,Valencia,4.8,No,Credit Card
3166,49,Female,Gijón,3.0,No,Bank Transfer
1050,45,Male,Alicante,2.8,Yes,Cash
3028,52,Female,Alicante,2.8,No,Credit Card
580,58,Male,Castellón,3.7,Yes,Credit Card
83,19,Male,Valencia,4.0,Yes,Credit Card
2237,23,Male,Alcalá de Henares,2.7,No,Debit Card
1399,30,Male,Oviedo,2.5,No,Credit Card
2130,40,Male,Alicante,2.8,No,PayPal
1618,43,Male,Castellón,4.3,No,Credit Card
1738,42,Male,Lleida,4.2,No,Venmo
2967,52,Female,Oviedo,2.8,No,Debit Card
3215,53,Female,Barcelona,3.1,No,Debit Card
3084,22,Female,Barcelona,3.5,No,PayPal
3620,44,Female,Alicante,4.9,No,Venmo
562,65,Male,Valencia,2.6,Yes,PayPal
2965,44,Female,Madrid,3.8,No,Venmo
1406,33,Male,Móstoles,2.7,No,Credit Card
235,20,Male,Barcelona,3.7,Yes,Credit Card
1642,50,Male,Girona,3.4,No,Bank Transfer
2557,24,Male,Girona,3.1,No,Bank Transfer
2373,50,Male,Avilés,3.1,No,PayPal
3806,48,Female,Castellón,3.1,No,Credit Card
