customerid,annual_income_($),profession,work_experience,family_size,age,gender
c8a66fe3,189091.0,Artist,0.0,6.0,48,Male
7d08cdc9,38000.0,Executive,10.0,1.0,29,Male
df301f04,85000.0,Lawyer,1.0,2.0,41,Male
a70cf1ee,79000.0,Homemaker,9.0,3.0,67,Female
b0e56ea7,99000.0,Artist,4.0,3.0,49,Male
4f289506,151902.0,Artist,0.0,2.0,64,Male
54e1bf15,83704.0,Entertainment,1.0,1.0,25,Male
67d3db22,79801.0,Doctor,0.0,2.0,43,Male
7ca0237a,166183.0,Artist,7.0,6.0,68,Female
018b79a5,98444.0,Entertainment,7.0,4.0,57,Male
4ed9dab2,159006.0,Artist,8.0,6.0,21,Male
716dacac,76567.0,Doctor,16.0,1.0,53,Male
50d3ab95,167558.0,Artist,4.0,7.0,40,Female
b97b20b1,91549.0,Artist,4.0,3.0,35,Female
59f55e84,96154.0,Artist,1.0,4.0,27,Female
24603009,86172.0,Artist,4.0,4.0,18,Male
70738f6a,173047.0,Healthcare,0.0,3.0,44,Female
59710246,99000.0,Artist,5.0,2.0,64,Male
e77f8d14,98532.0,Doctor,0.0,6.0,60,Male
bbc6b8c3,121597.0,Engineer,0.0,5.0,21,Female
726a8db4,53231.0,Marketing,0.0,5.0,22,Male
3be26f24,128037.0,Entertainment,6.0,2.0,47,Male
f4ab54e7,97721.0,Engineer,0.0,7.0,37,Male
2802405b,112884.0,Healthcare,0.0,6.0,51,Male
a5de4b44,66760.0,Artist,0.0,4.0,70,Male
5e675c41,156823.0,Healthcare,9.0,5.0,41,Male
77a50493,122828.0,Executive,0.0,5.0,55,Male
950e4be2,77269.0,Artist,8.0,1.0,36,Female
08525da1,77600.0,Healthcare,0.0,1.0,25,Male
cb91bfe9,176074.0,Doctor,1.0,7.0,60,Female
285b241f,82992.0,Entertainment,1.0,5.0,42,Male
d5a04823,62151.0,Artist,8.0,2.0,54,Male
8c451591,103531.0,Artist,10.0,5.0,36,Male
efd3a67d,149095.0,Lawyer,1.0,2.0,48,Male
c280d4f7,84167.0,Artist,10.0,7.0,22,Male
f3e28e4c,188620.0,Artist,3.0,6.0,47,Male
87d883ed,141307.0,Healthcare,1.0,3.0,28,Female
20e84cde,122707.0,Homemaker,2.0,3.0,48,Female
ec60af8a,3000.0,Lawyer,4.0,2.0,66,Female
6cf4849e,174163.0,Artist,4.0,2.0,61,Female
5ff072b0,117076.0,Doctor,1.0,2.0,34,Female
dccaa8c1,118385.0,Healthcare,10.0,3.0,38,Male
21bf5feb,97000.0,Executive,0.0,3.0,18,Male
dbebee84,59088.0,Artist,1.0,3.0,47,Male
25d2bda3,188719.0,Lawyer,0.0,6.0,30,Male
23cd4d83,119259.0,Healthcare,1.0,5.0,67,Male
515b9f02,100429.0,Entertainment,9.0,1.0,46,Male
384144e3,8000.0,Artist,7.0,2.0,29,Female
5c3b0ea3,64461.0,Engineer,4.0,4.0,55,Male
d72e739c,136037.0,Marketing,5.0,1.0,66,Male
f01c682f,136531.0,Engineer,1.0,4.0,49,Male
eb681e4d,95734.0,Homemaker,8.0,7.0,29,Male
15aecd08,92100.0,Artist,9.0,3.0,64,Male
df62fba6,29000.0,Homemaker,9.0,5.0,23,Male
af23abbd,120215.0,Homemaker,7.0,2.0,70,Female
afb6a9f3,146308.0,Artist,5.0,1.0,66,Female
700e2e2c,133765.0,Artist,1.0,3.0,64,Male
ac4cc10e,124852.0,Healthcare,5.0,5.0,43,Female
727f9779,112587.0,Artist,1.0,4.0,33,Male
bde4951d,100890.0,Entertainment,4.0,4.0,41,Male
40d83b8d,170345.0,Executive,9.0,5.0,40,Male
e07af0f0,35000.0,Engineer,3.0,3.0,29,Male
86550d88,55690.0,Marketing,4.0,6.0,51,Male
c6d5dc0c,42000.0,Artist,13.0,2.0,18,Male
1cc21b6a,79000.0,Artist,0.0,2.0,35,Female
923087f7,137206.0,Artist,0.0,4.0,31,Male
23643f94,67535.0,Healthcare,7.0,6.0,30,Male
82d39a20,52152.0,Artist,0.0,3.0,60,Male
48635198,69384.0,Healthcare,1.0,5.0,70,Female
125f241e,150619.0,Artist,10.0,6.0,46,Female
eaf6e286,132993.0,Entertainment,8.0,2.0,60,Male
a7d4d801,93000.0,Artist,2.0,1.0,33,Male
5a9a3c13,82474.0,Artist,9.0,3.0,31,Male
2338eb35,56398.0,Entertainment,8.0,3.0,54,Female
d3f15050,121610.0,Artist,0.0,5.0,32,Male
3d7d0ac0,156014.0,Doctor,14.0,5.0,42,Male
f7a0ff32,189369.0,Healthcare,0.0,3.0,56,Male
8f8eec2f,173807.0,Artist,0.0,2.0,51,Male
62439402,179911.0,Engineer,1.0,1.0,70,Male
30fa9dc8,94655.0,Healthcare,8.0,1.0,23,Female
541ab231,152566.0,Entertainment,1.0,7.0,26,Male
c94b7c1e,124359.0,Homemaker,7.0,7.0,65,Male
834bf0d9,134282.0,Artist,2.0,5.0,61,Male
921629e5,76521.0,Engineer,7.0,4.0,67,Male
ff8eec5a,125471.0,Engineer,7.0,1.0,23,Female
6c23dae3,69443.0,Doctor,4.0,6.0,35,Female
eda1a8ea,40000.0,Healthcare,0.0,3.0,25,Male
be130161,136254.0,Engineer,5.0,6.0,52,Male
39839384,55395.0,Marketing,10.0,1.0,31,Male
47d653d6,64057.0,Doctor,0.0,3.0,50,Female
a746a79e,119567.0,Artist,5.0,2.0,66,Male
d51f8f8d,62000.0,Artist,0.0,1.0,51,Female
764caa4e,69644.0,Artist,5.0,1.0,58,Male
6de785d3,61000.0,Healthcare,6.0,3.0,68,Female
f9b61119,92768.0,Doctor,1.0,1.0,45,Female
09d72797,130950.0,Executive,5.0,3.0,49,Male
1c20ce40,135076.0,Engineer,1.0,5.0,20,Male
c1bf4689,119223.0,Lawyer,10.0,7.0,48,Female
c7955ca9,184736.0,Lawyer,13.0,1.0,39,Male
1932f5cc,20000.0,Artist,5.0,4.0,24,Male
0eb06bb9,25000.0,Artist,0.0,1.0,66,Male
9776c540,125677.0,Entertainment,5.0,2.0,47,Female
44a38cbb,134665.0,Artist,7.0,2.0,26,Male
205daae5,62651.0,Entertainment,0.0,2.0,64,Female
fc7f9ec8,127438.0,Engineer,7.0,2.0,44,Female
d5e445ac,97000.0,Engineer,9.0,4.0,26,Male
472268a4,156777.0,Healthcare,7.0,2.0,57,Female
fd3bc954,143455.0,Healthcare,1.0,6.0,21,Male
491cdd33,20000.0,Engineer,1.0,3.0,38,Male
97b206fd,124072.0,Lawyer,0.0,7.0,38,Male
a8a9b87d,93555.0,Artist,3.0,3.0,49,Male
ef02bcf3,184387.0,Artist,8.0,7.0,19,Male
a9384221,114741.0,Artist,0.0,5.0,70,Male
f30f3ff0,121267.0,Engineer,1.0,1.0,57,Female
c90a4297,183071.0,Artist,7.0,4.0,22,Male
02ebffe1,183201.0,Engineer,8.0,6.0,32,Male
0f1ca2d6,151124.0,Artist,15.0,3.0,18,Male
4350ee14,111174.0,Entertainment,9.0,6.0,60,Female
80e0c9c0,152267.0,Engineer,9.0,5.0,43,Male
fe2f4154,150925.0,Healthcare,1.0,2.0,64,Male
743d675e,136660.0,Entertainment,1.0,3.0,44,Male
ea9ee507,62000.0,Doctor,5.0,3.0,53,Male
0ef019aa,114435.0,Artist,8.0,3.0,44,Male
cfd0948c,9000.0,Executive,7.0,4.0,37,Female
58b96c0e,130511.0,Artist,3.0,4.0,45,Male
d8b37862,114858.0,Artist,10.0,1.0,64,Male
4951c648,146011.0,Marketing,9.0,5.0,22,Male
db41e096,182631.0,Artist,5.0,3.0,59,Female
ddf55ffa,42000.0,Engineer,8.0,1.0,34,Male
b2d78d5d,88000.0,Artist,1.0,2.0,35,Male
9e59d3c9,108027.0,Artist,13.0,5.0,65,Female
731fcc6b,60044.0,Artist,4.0,1.0,70,Female
490f3383,117203.0,Healthcare,10.0,3.0,29,Male
4f2c982a,148431.0,Healthcare,1.0,8.0,56,Male
4b383ed3,4000.0,Artist,0.0,2.0,51,Male
2fbee0a5,171560.0,Engineer,0.0,2.0,46,Female
f3519393,175996.0,Entertainment,10.0,4.0,59,Male
6a4bd850,61228.0,Entertainment,1.0,6.0,66,Male
9aa4e643,75125.0,Executive,8.0,3.0,29,Male
ec50626c,170957.0,Lawyer,1.0,3.0,21,Male
a4feb36b,167232.0,Doctor,6.0,4.0,22,Male
6d6acec9,38000.0,Entertainment,7.0,2.0,47,Male
7f2bbaa6,117123.0,Artist,9.0,7.0,27,Male
b3fb055e,79257.0,Healthcare,6.0,2.0,62,Male
f18a3084,149618.0,Healthcare,4.0,6.0,48,Male
0024e298,0.0,Artist,2.0,2.0,54,Male
55590f2f,86898.0,Healthcare,0.0,6.0,68,Female
18a8058f,98922.0,Artist,2.0,3.0,45,Male
796ed423,187297.0,Artist,0.0,1.0,38,Male
9becfa76,112818.0,Marketing,15.0,7.0,46,Male
f8cc8c67,150823.0,Artist,4.0,1.0,33,Male
d015c323,178217.0,Marketing,0.0,3.0,61,Male
745c1e8c,145563.0,Entertainment,9.0,6.0,47,Male
e5c4630b,125316.0,Lawyer,0.0,6.0,21,Female
52dae029,87000.0,Doctor,6.0,2.0,54,Male
2c8d2ac8,89765.0,Artist,0.0,7.0,52,Male
c1dac17f,96693.0,Entertainment,0.0,4.0,52,Male
8300dfe5,60933.0,Doctor,8.0,1.0,66,Male
23a5d071,109223.0,Engineer,1.0,5.0,42,Male
bd91218a,84622.0,Doctor,0.0,6.0,35,Male
d3be3304,76561.0,Healthcare,0.0,1.0,46,Female
8e59e95f,143021.0,Executive,5.0,4.0,64,Male
48e51ce9,146016.0,Artist,1.0,6.0,31,Male
0b316c67,104854.0,Healthcare,1.0,7.0,43,Male
8a252640,157588.0,Executive,2.0,6.0,28,Female
fcabbc4a,59000.0,Healthcare,1.0,3.0,35,Male
ea30d0e9,144832.0,Artist,5.0,3.0,41,Male
0d7f3cf0,77902.0,Artist,1.0,2.0,65,Female
24fdaa3d,185306.0,Entertainment,0.0,2.0,56,Female
72ede351,153024.0,Artist,10.0,7.0,56,Male
dd337eab,81000.0,Executive,1.0,2.0,69,Female
6cb84452,9000.0,Entertainment,8.0,2.0,53,Male
c8eda1e4,153622.0,Lawyer,6.0,6.0,55,Male
8ffc58fa,94014.0,Engineer,9.0,5.0,39,Male
ff004a2e,75178.0,Entertainment,1.0,7.0,69,Male
6317b431,177260.0,Entertainment,14.0,2.0,27,Male
f3bbe8e9,145597.0,Artist,1.0,6.0,63,Male
0c59327c,168663.0,Engineer,11.0,5.0,33,Male
acfba937,69078.0,Lawyer,13.0,1.0,52,Female
521ffc4e,148759.0,Doctor,7.0,7.0,59,Male
0096195e,98168.0,Entertainment,1.0,2.0,28,Male
0fb8482e,178989.0,Doctor,14.0,3.0,42,Male
41b03894,4000.0,Healthcare,3.0,4.0,32,Male
0b40d351,185861.0,Artist,3.0,6.0,38,Female
57ed3b47,38000.0,Artist,8.0,8.0,58,Male
e7ea0ce4,102016.0,Artist,0.0,4.0,45,Female
2b37fc61,187253.0,Executive,8.0,7.0,67,Male
9e9d6278,121926.0,Lawyer,7.0,1.0,54,Female
2ab29ba4,182292.0,Artist,7.0,5.0,20,Male
9be3d961,68000.0,Healthcare,9.0,8.0,68,Male
f25987de,180331.0,Artist,17.0,5.0,66,Male
1691d87c,72313.0,Lawyer,1.0,5.0,21,Female
c9cd03eb,125508.0,Artist,1.0,6.0,55,Female
e1955cd0,52234.0,Executive,1.0,2.0,54,Male
47457714,142720.0,Executive,0.0,1.0,49,Male
f8eb345b,163514.0,Doctor,9.0,2.0,34,Male
0d509ab5,128258.0,Executive,0.0,2.0,47,Male
8c49edf5,91503.0,Artist,0.0,6.0,64,Male
d948c9b4,87014.0,Doctor,11.0,4.0,39,Male
f657a300,22000.0,Artist,14.0,3.0,33,Male
3c770463,149609.0,Executive,9.0,2.0,59,Male
8ccfcb94,70280.0,Engineer,0.0,4.0,37,Male
6115d032,61298.0,Artist,0.0,5.0,35,Male
fd4e06db,75831.0,Healthcare,10.0,7.0,63,Male
b8e94ec4,22000.0,Marketing,8.0,4.0,48,Male
e5cfa115,59000.0,Lawyer,0.0,2.0,21,Male
081d484d,111174.0,Artist,4.0,5.0,29,Female
d57866d6,97081.0,Marketing,1.0,3.0,65,Female
9505d225,61393.0,Doctor,7.0,5.0,45,Male
1bb10acc,172882.0,Healthcare,8.0,7.0,29,Male
02263f1e,142612.0,Doctor,4.0,6.0,18,Male
ff617a55,111717.0,Healthcare,1.0,2.0,38,Male
6e4d624a,163966.0,Lawyer,1.0,5.0,36,Male
840f6a6a,183643.0,Artist,5.0,5.0,69,Male
9b4d48e8,78000.0,Artist,1.0,3.0,61,Female
437c87c0,87000.0,Artist,3.0,4.0,45,Male
7bfd7152,62590.0,Artist,9.0,6.0,57,Male
406de754,73915.0,Artist,11.0,2.0,46,Male
67dea038,67781.0,Entertainment,4.0,4.0,36,Male
6bce7902,150019.0,Doctor,1.0,2.0,40,Male
34bb9a96,143910.0,Marketing,1.0,7.0,57,Male
e86671c4,170188.0,Lawyer,1.0,6.0,47,Female
dc38b0c6,162921.0,Executive,0.0,4.0,42,Male
4f3fbb5e,91000.0,Lawyer,1.0,1.0,66,Male
f49be072,78274.0,Artist,9.0,2.0,39,Male
9d5a8b82,84925.0,Artist,4.0,6.0,33,Female
0ae3f148,73419.0,Healthcare,0.0,1.0,38,Male
66374a30,106982.0,Entertainment,1.0,7.0,37,Male
a56a3253,64277.0,Executive,9.0,4.0,45,Male
2cbfeb1b,31000.0,Entertainment,1.0,2.0,18,Female
a78c0e42,151340.0,Artist,1.0,7.0,67,Male
b1e3508d,65207.0,Healthcare,1.0,2.0,24,Male
57964862,111760.0,Executive,12.0,5.0,21,Male
cec85f13,72000.0,Engineer,8.0,1.0,35,Female
bcb5d642,104160.0,Engineer,4.0,4.0,18,Female
e0abee5e,136417.0,Healthcare,9.0,6.0,54,Male
f9c268eb,168990.0,Doctor,9.0,5.0,62,Female
225221c6,184324.0,Marketing,13.0,5.0,66,Male
c75e2fa1,87764.0,Engineer,9.0,7.0,32,Male
a6463851,145520.0,Homemaker,1.0,7.0,55,Male
892423a3,106581.0,Doctor,1.0,7.0,32,Male
3dbb7697,140876.0,Entertainment,0.0,4.0,67,Female
f5b90ac9,112089.0,Healthcare,7.0,7.0,44,Female
c8ff9490,154888.0,Healthcare,9.0,6.0,34,Male
462d15f1,141359.0,Healthcare,4.0,5.0,52,Male
a906f7f1,168303.0,Executive,9.0,4.0,24,Female
8e6764d0,118621.0,Homemaker,0.0,7.0,20,Male
45a20eb4,92355.0,Entertainment,1.0,4.0,67,Male
42a5e445,91352.0,Doctor,7.0,3.0,48,Female
f0b10bbe,168710.0,Doctor,1.0,4.0,21,Female
f4af2079,90167.0,Engineer,0.0,3.0,61,Male
3d194f3e,70749.0,Artist,13.0,3.0,58,Female
e5b48fcc,92000.0,Artist,2.0,2.0,70,Male
0f585a43,130813.0,Artist,17.0,5.0,26,Male
b32614b2,185843.0,Artist,4.0,3.0,68,Male
22c111e3,93841.0,Lawyer,0.0,7.0,29,Male
07ff0750,106153.0,Artist,10.0,1.0,63,Male
41eb08b5,102647.0,Entertainment,0.0,2.0,58,Male
278b5c3c,58283.0,Homemaker,2.0,4.0,59,Male
52d1c056,67768.0,Doctor,10.0,6.0,21,Male
e9d2e9be,71564.0,Artist,1.0,5.0,22,Female
179e1e60,142801.0,Lawyer,0.0,1.0,24,Male
54c5176c,57337.0,Healthcare,1.0,4.0,64,Female
7101666d,40000.0,Healthcare,1.0,4.0,57,Female
87a573a3,167112.0,Lawyer,0.0,1.0,54,Male
4bef43b1,124998.0,Lawyer,1.0,3.0,36,Female
27d3ed83,165287.0,Doctor,1.0,3.0,58,Male
e77bf5c5,54252.0,Engineer,0.0,5.0,53,Female
467a19d6,59000.0,Artist,0.0,1.0,41,Male
c29307e0,152475.0,Artist,0.0,7.0,31,Male
a27f70e0,165052.0,Artist,4.0,2.0,21,Male
9661cec0,50000.0,Lawyer,0.0,3.0,57,Female
ca8e8971,165254.0,Executive,9.0,7.0,53,Male
ac9579c6,87553.0,Artist,1.0,1.0,32,Male
4c0994b7,158123.0,Artist,1.0,1.0,56,Male
c2450216,72594.0,Artist,1.0,2.0,59,Male
6889268a,75033.0,Engineer,5.0,5.0,24,Male
dc0a0488,179546.0,Homemaker,8.0,4.0,31,Female
3609d4c0,89000.0,Engineer,1.0,2.0,59,Male
594bf1ea,87955.0,Engineer,0.0,2.0,35,Female
37d663ed,168437.0,Artist,2.0,2.0,43,Male
48f33d01,152429.0,Entertainment,0.0,2.0,26,Female
1f9a575e,113575.0,Entertainment,1.0,2.0,28,Male
20b7556f,149797.0,Artist,5.0,6.0,70,Male
78ad2eb7,75884.0,Executive,0.0,7.0,27,Male
25dbb65e,166107.0,Artist,13.0,4.0,48,Male
86432d5e,142351.0,Entertainment,0.0,7.0,46,Male
1550dad7,138425.0,Doctor,11.0,6.0,33,Female
9023b8f1,177134.0,Healthcare,10.0,2.0,65,Male
c8b55ba6,120000.0,Artist,8.0,1.0,25,Male
5021c497,138864.0,Artist,0.0,5.0,66,Female
5b780e92,152560.0,Entertainment,9.0,2.0,68,Male
dae80629,15000.0,Artist,4.0,4.0,31,Male
70f83857,72352.0,Healthcare,8.0,5.0,27,Male
95f86a9d,41000.0,Healthcare,6.0,4.0,51,Male
66e46eac,108759.0,Artist,7.0,6.0,62,Female
033e4962,125836.0,Healthcare,1.0,4.0,45,Female
9239dfab,78795.0,Engineer,0.0,6.0,18,Male
67509a3f,154857.0,Healthcare,0.0,7.0,34,Male
78886cbd,169381.0,Entertainment,0.0,4.0,66,Male
571ee2b4,125731.0,Artist,6.0,4.0,52,Male
f5c3d4f0,123804.0,Doctor,14.0,1.0,56,Male
efb4c8e7,168821.0,Executive,4.0,5.0,30,Male
d9680ba7,18000.0,Artist,1.0,2.0,36,Female
fdd45969,136316.0,Executive,0.0,3.0,66,Male
089460ba,144103.0,Healthcare,8.0,7.0,33,Male
98372a4b,132046.0,Homemaker,4.0,4.0,50,Male
e2b77e81,188557.0,Healthcare,9.0,2.0,61,Male
69d536b9,156812.0,Healthcare,0.0,6.0,39,Female
c5ae72d1,87365.0,Marketing,1.0,2.0,63,Female
cf83852c,147447.0,Doctor,6.0,7.0,28,Male
7d909cd9,72847.0,Artist,1.0,2.0,50,Female
fae94573,31000.0,Lawyer,2.0,3.0,19,Female
8d5e1e01,67353.0,Lawyer,9.0,3.0,64,Female
5554e40d,61986.0,Executive,0.0,1.0,67,Male
5f4cd09c,111859.0,Healthcare,6.0,1.0,25,Male
768185a6,92227.0,Lawyer,0.0,5.0,64,Male
301caa41,103896.0,Executive,16.0,4.0,41,Male
7917ff88,189709.0,Artist,6.0,6.0,53,Female
bdf7ca58,55011.0,Artist,1.0,7.0,20,Male
093c5f6f,57605.0,Doctor,0.0,2.0,46,Female
23fafb45,75293.0,Doctor,6.0,7.0,27,Male
bfb1ca36,65031.0,Artist,0.0,4.0,51,Female
77d9cef5,92000.0,Executive,5.0,5.0,37,Female
119f499e,127971.0,Artist,1.0,5.0,57,Male
58478961,91715.0,Entertainment,0.0,3.0,61,Female
9d178f08,81934.0,Healthcare,1.0,4.0,70,Male
f71d71c0,171677.0,Artist,0.0,6.0,28,Female
7cb8362f,133400.0,Engineer,0.0,6.0,54,Male
7132e349,106530.0,Engineer,7.0,2.0,50,Male
0e2b1ec7,114776.0,Entertainment,10.0,3.0,40,Male
0f91a6bf,94576.0,Artist,0.0,1.0,25,Male
f8ef873a,110667.0,Healthcare,2.0,4.0,38,Female
d6be7e37,157757.0,Doctor,0.0,4.0,36,Male
50cf5aa1,86203.0,Doctor,13.0,1.0,22,Male
51337cee,149764.0,Entertainment,0.0,6.0,42,Female
71ec6a89,92366.0,Healthcare,0.0,6.0,63,Female
ddefae88,38000.0,Entertainment,2.0,6.0,20,Female
1b8f8a9a,144502.0,Lawyer,3.0,1.0,43,Male
427e3910,146195.0,Healthcare,4.0,4.0,69,Male
1e431f62,74000.0,Artist,1.0,2.0,48,Male
6b351803,187234.0,Doctor,0.0,5.0,25,Male
bb010cb1,100939.0,Healthcare,7.0,6.0,50,Male
b63ea2b1,172477.0,Entertainment,1.0,3.0,46,Female
34b9bdcf,76979.0,Lawyer,1.0,3.0,58,Male
90451d12,97879.0,Entertainment,15.0,7.0,45,Male
98c2e06c,56837.0,Healthcare,8.0,4.0,59,Male
cf8384c4,35000.0,Executive,0.0,5.0,56,Male
b1333e0f,184426.0,Artist,9.0,1.0,49,Male
de421d08,81138.0,Healthcare,9.0,7.0,30,Male
9476e052,158549.0,Executive,0.0,3.0,18,Male
8aec5615,131863.0,Artist,1.0,7.0,66,Male
589f70f7,100419.0,Artist,5.0,4.0,51,Male
7fd0526f,79000.0,Artist,0.0,3.0,46,Male
8f9df355,71305.0,Artist,9.0,2.0,43,Male
187b5ef5,74358.0,Artist,0.0,6.0,59,Female
a3c2b26a,153465.0,Lawyer,1.0,4.0,20,Female
176b73ad,50000.0,Executive,1.0,4.0,19,Male
a28cf668,154787.0,Executive,3.0,5.0,20,Female
0773707a,106633.0,Artist,0.0,3.0,28,Male
05a0f2cf,7000.0,Healthcare,0.0,4.0,19,Male
2f42faeb,153885.0,Artist,6.0,6.0,56,Female
c9f4888c,120487.0,Doctor,0.0,2.0,33,Male
9d4c30a2,176349.0,Healthcare,8.0,2.0,39,Male
bd437c5c,91389.0,Healthcare,11.0,7.0,56,Female
c2bfbc43,84000.0,Artist,9.0,1.0,45,Female
d30e22e9,161646.0,Healthcare,0.0,2.0,23,Male
32051c9f,118041.0,Artist,9.0,2.0,60,Male
c6002a52,81084.0,Executive,6.0,5.0,26,Male
f6ce77ad,118110.0,Engineer,1.0,5.0,33,Female
4e1f2853,86119.0,Artist,1.0,6.0,43,Male
15fecd95,88960.0,Entertainment,13.0,3.0,34,Male
759beaad,71000.0,Doctor,1.0,5.0,68,Female
460fa765,20000.0,Doctor,6.0,2.0,21,Male
5bd19c94,182374.0,Entertainment,0.0,6.0,25,Female
5f3b667d,189446.0,Artist,1.0,6.0,34,Male
e2935894,111896.0,Executive,1.0,3.0,27,Male
633a8679,33000.0,Marketing,1.0,1.0,31,Male
54377e6a,72415.0,Marketing,0.0,5.0,19,Male
7ce67438,95975.0,Executive,0.0,1.0,56,Female
b063e274,78971.0,Engineer,1.0,2.0,23,Male
ad4f272a,67447.0,Artist,15.0,2.0,48,Male
2d24caa0,126669.0,Artist,1.0,6.0,56,Female
3bd5b7d0,50000.0,Artist,9.0,2.0,51,Male
0656b564,89000.0,Engineer,0.0,7.0,48,Male
20577c99,63000.0,Executive,1.0,4.0,32,Female
841682a6,118302.0,Lawyer,5.0,1.0,25,Male
ff17a40e,137354.0,Artist,8.0,7.0,21,Male
67154276,131061.0,Healthcare,0.0,7.0,26,Female
a66b950f,38000.0,Engineer,0.0,2.0,65,Male
97354486,150765.0,Homemaker,8.0,2.0,43,Female
6e7596f7,109519.0,Entertainment,1.0,4.0,30,Male
f160d542,70119.0,Artist,0.0,1.0,67,Male
0978f7c2,38000.0,Lawyer,1.0,1.0,47,Male
fab7a53e,106841.0,Entertainment,0.0,3.0,43,Male
69883f86,109373.0,Entertainment,4.0,2.0,66,Male
51484e6e,97000.0,Engineer,2.0,2.0,54,Male
a7a49e14,60790.0,Artist,1.0,5.0,70,Female
62c1714b,82000.0,Doctor,1.0,2.0,52,Male
03574a5e,67097.0,Engineer,6.0,1.0,41,Male
38851b3d,179269.0,Entertainment,6.0,3.0,45,Male
1c8d2e7d,114071.0,Healthcare,0.0,2.0,28,Male
91eac8e3,163179.0,Healthcare,1.0,7.0,70,Male
fdd4e99c,81199.0,Entertainment,1.0,2.0,61,Female
6b6bbd4d,180437.0,Entertainment,1.0,5.0,53,Male
85934a08,67787.0,Executive,1.0,6.0,32,Male
4e19adf3,55634.0,Engineer,8.0,3.0,26,Female
208884f4,68094.0,Doctor,4.0,7.0,29,Male
5733a509,79968.0,Lawyer,9.0,2.0,46,Female
f4f5aad2,51700.0,Healthcare,4.0,6.0,44,Male
154202a1,65528.0,Marketing,1.0,5.0,69,Male
ce4e85ae,37000.0,Lawyer,1.0,4.0,50,Male
98005b51,110889.0,Executive,1.0,2.0,58,Female
cd6c7231,63000.0,Entertainment,0.0,2.0,26,Female
bc44e600,142034.0,Entertainment,1.0,4.0,33,Male
7037290a,150012.0,Healthcare,3.0,6.0,32,Male
b8dfba81,52000.0,Artist,1.0,3.0,64,Male
7e09881f,156567.0,Engineer,7.0,6.0,28,Male
eaeada2a,56432.0,Engineer,0.0,5.0,43,Male
cd419982,135164.0,Artist,9.0,3.0,65,Female
db6f87f5,174530.0,Lawyer,1.0,6.0,64,Male
2bf397ec,148594.0,Entertainment,3.0,5.0,40,Male
3e288094,148286.0,Entertainment,0.0,4.0,21,Female
71088778,89473.0,Lawyer,10.0,4.0,49,Male
508796b3,132701.0,Healthcare,5.0,2.0,52,Female
b0fc4af7,65723.0,Artist,6.0,7.0,34,Male
e39fc4f0,57032.0,Entertainment,1.0,5.0,45,Male
78299468,130186.0,Artist,9.0,7.0,34,Female
f8ca4145,142013.0,Entertainment,3.0,4.0,49,Male
87a4b62e,58999.0,Entertainment,7.0,3.0,57,Female
db07b818,45000.0,Healthcare,2.0,6.0,30,Male
9256fbba,184222.0,Healthcare,0.0,2.0,57,Male
af676a5e,57677.0,Lawyer,0.0,5.0,60,Male
6c54eb08,178576.0,Executive,5.0,5.0,66,Female
3c1ef961,101007.0,Lawyer,0.0,6.0,22,Female
51072298,100647.0,Executive,1.0,3.0,62,Female
61f92668,97185.0,Entertainment,0.0,5.0,59,Female
a61dc19b,157316.0,Artist,9.0,3.0,42,Male
548c78d2,172407.0,Doctor,9.0,3.0,29,Female
1d3f50e4,164914.0,Artist,8.0,3.0,65,Male
f4a782e1,181773.0,Healthcare,8.0,1.0,65,Female
12e0dd8d,117612.0,Engineer,0.0,6.0,39,Male
170ec024,128723.0,Artist,4.0,5.0,22,Female
9a2e518e,155672.0,Entertainment,7.0,7.0,44,Female
e1987cc7,112766.0,Engineer,8.0,4.0,40,Male
00c6a1c9,74820.0,Doctor,1.0,2.0,67,Female
9b38aabe,90228.0,Engineer,7.0,5.0,54,Male
2ee9c215,76103.0,Executive,9.0,3.0,55,Male
8395a7d3,185257.0,Artist,1.0,4.0,38,Male
5f7cf2dd,57033.0,Artist,0.0,4.0,39,Female
0520be4b,120838.0,Artist,1.0,4.0,58,Male
439b666f,85000.0,Healthcare,0.0,2.0,25,Male
2fc901b1,159537.0,Doctor,4.0,1.0,45,Male
355c0963,102413.0,Healthcare,5.0,5.0,57,Male
6a2c82c4,50000.0,Artist,1.0,2.0,20,Male
25259670,102205.0,Artist,1.0,1.0,70,Male
003fe5b4,161130.0,Artist,8.0,3.0,36,Male
97d94f9b,150258.0,Doctor,0.0,3.0,57,Male
ccde884d,80000.0,Engineer,3.0,3.0,44,Male
50d9be89,95000.0,Artist,4.0,2.0,56,Female
fb483881,12000.0,Entertainment,9.0,2.0,27,Female
da941cdd,104974.0,Artist,1.0,1.0,42,Male
34a428d7,91000.0,Lawyer,1.0,2.0,33,Male
6a99e104,52374.0,Artist,1.0,1.0,43,Male
2e35f62d,116126.0,Entertainment,10.0,2.0,24,Male
1fcdc60c,83535.0,Artist,1.0,5.0,20,Male
996cdfde,146794.0,Healthcare,8.0,3.0,25,Male
51ee04ab,167214.0,Homemaker,8.0,7.0,34,Male
16a5bf82,187667.0,Artist,0.0,1.0,65,Male
69796745,152069.0,Entertainment,4.0,4.0,35,Male
9d7d1e66,76888.0,Marketing,0.0,1.0,44,Male
ae9cc512,94199.0,Artist,5.0,7.0,69,Female
88b223e5,155432.0,Engineer,4.0,6.0,34,Female
6e173410,156258.0,Entertainment,0.0,4.0,66,Male
0e4cc78c,82060.0,Healthcare,7.0,1.0,22,Male
e8ed0992,51860.0,Lawyer,4.0,5.0,54,Male
896da4cd,80000.0,Executive,0.0,5.0,35,Male
896b3bec,95469.0,Doctor,6.0,1.0,57,Male
492effc9,85000.0,Lawyer,4.0,2.0,25,Male
b32dd40a,124125.0,Artist,1.0,2.0,40,Male
d8ff983b,132345.0,Artist,0.0,2.0,46,Male
9bab1445,57039.0,Artist,2.0,6.0,40,Male
eef9140a,128960.0,Executive,9.0,4.0,65,Female
7f46f07a,186002.0,Doctor,15.0,2.0,55,Male
2815993d,121528.0,Healthcare,8.0,4.0,48,Female
451e2fb4,142723.0,Engineer,0.0,6.0,63,Male
cb1aee06,72068.0,Healthcare,0.0,6.0,19,Female
5ae4f2f7,124550.0,Marketing,0.0,3.0,48,Female
5950a0ed,84003.0,Artist,9.0,6.0,62,Male
97029ba9,130118.0,Artist,0.0,4.0,49,Male
184010f3,164435.0,Lawyer,1.0,3.0,46,Male
c75371b3,99983.0,Executive,0.0,1.0,65,Male
94959a78,137094.0,Lawyer,4.0,1.0,26,Male
027dc0df,109703.0,Executive,1.0,1.0,44,Male
8a339194,117319.0,Lawyer,1.0,2.0,50,Male
84e76717,46000.0,Entertainment,0.0,3.0,25,Male
f45b5a9f,93947.0,Healthcare,9.0,2.0,51,Female
ad4b5826,174109.0,Entertainment,0.0,1.0,64,Female
17fc713b,139588.0,Executive,0.0,2.0,35,Male
9cb8bdfc,78669.0,Artist,1.0,7.0,31,Female
83391637,46000.0,Executive,1.0,3.0,55,Male
06842e56,185550.0,Artist,0.0,1.0,69,Male
f42d2247,76000.0,Artist,5.0,2.0,45,Male
d9418341,175407.0,Artist,5.0,1.0,51,Male
4e04e21b,103210.0,Artist,6.0,6.0,25,Male
3f804008,79677.0,Artist,10.0,7.0,58,Male
a58b01d8,9000.0,Lawyer,1.0,1.0,25,Male
e4e64fa9,180243.0,Marketing,6.0,2.0,31,Male
98f8902c,13000.0,Healthcare,6.0,5.0,56,Male
52b64beb,75685.0,Marketing,7.0,3.0,41,Male
d2ec637c,161663.0,Executive,1.0,7.0,28,Female
780843fa,166492.0,Homemaker,9.0,7.0,39,Male
0ad47bb6,92591.0,Artist,8.0,2.0,47,Female
69798161,173394.0,Engineer,13.0,1.0,67,Female
a50898ef,135115.0,Entertainment,1.0,7.0,42,Female
c2a7fae6,148520.0,Healthcare,11.0,5.0,32,Male
561f296a,116095.0,Artist,5.0,1.0,62,Male
9ec8fa4e,185321.0,Artist,0.0,7.0,35,Male
3af8557e,167705.0,Healthcare,0.0,7.0,29,Female
7ca30754,168670.0,Artist,1.0,3.0,47,Male
57892ed9,150193.0,Engineer,2.0,2.0,68,Male
ef96ce46,128266.0,Engineer,7.0,4.0,52,Female
86be7315,188696.0,Homemaker,8.0,3.0,43,Male
71420ce8,70733.0,Artist,5.0,3.0,67,Female
f8b28640,140263.0,Entertainment,10.0,5.0,33,Female
e565b9a6,53812.0,Homemaker,9.0,5.0,20,Male
5b51b636,85447.0,Artist,9.0,6.0,28,Male
c7c4a806,75561.0,Healthcare,5.0,3.0,53,Female
0088443b,91226.0,Healthcare,0.0,5.0,19,Male
53b283b3,52000.0,Engineer,9.0,2.0,20,Male
e1e04c86,184639.0,Doctor,1.0,6.0,53,Male
8b34114f,121513.0,Engineer,0.0,6.0,61,Male
3f4c31ec,16000.0,Executive,1.0,1.0,39,Male
79cfdb32,118280.0,Artist,0.0,5.0,46,Male
e23e78d9,178265.0,Lawyer,2.0,1.0,23,Male
232a3781,69988.0,Homemaker,5.0,4.0,49,Male
53a0cbc5,49000.0,Homemaker,0.0,3.0,64,Male
c0416e67,59244.0,Artist,7.0,1.0,69,Male
736f1838,166247.0,Executive,1.0,2.0,28,Female
0fc8c64e,174275.0,Healthcare,0.0,2.0,65,Female
e5a7d00e,54754.0,Artist,0.0,2.0,28,Male
09ed5ff2,68272.0,Healthcare,8.0,4.0,26,Male
5ebea7f1,171194.0,Artist,0.0,5.0,41,Female
aec6cf4a,99300.0,Homemaker,5.0,2.0,32,Male
78e131dc,94316.0,Artist,0.0,6.0,61,Male
6acd5811,73128.0,Artist,7.0,5.0,70,Female
00e36a67,186723.0,Entertainment,8.0,5.0,53,Female
15700b09,110846.0,Artist,0.0,2.0,25,Male
037183f1,87976.0,Lawyer,1.0,6.0,19,Male
2f151181,167517.0,Artist,2.0,7.0,59,Male
7a39c2c5,114571.0,Executive,1.0,3.0,64,Male
3b357646,104098.0,Healthcare,1.0,6.0,49,Male
9c5444e6,158638.0,Healthcare,2.0,5.0,23,Male
2bc662ca,31000.0,Engineer,3.0,3.0,64,Male
ce6bae4c,135800.0,Healthcare,0.0,7.0,41,Male
3b8a7688,119104.0,Entertainment,14.0,3.0,19,Male
2925aa79,107099.0,Executive,4.0,6.0,30,Male
c4fddc09,62893.0,Executive,1.0,5.0,52,Female
71074a2e,93176.0,Artist,4.0,1.0,22,Male
1f24af44,84658.0,Lawyer,4.0,6.0,55,Male
f5087268,81839.0,Entertainment,0.0,4.0,51,Male
cca2a3bf,149840.0,Engineer,1.0,1.0,48,Male
f9b501ce,146118.0,Marketing,8.0,7.0,63,Male
65fb44b5,145704.0,Marketing,0.0,4.0,64,Male
03f96017,156366.0,Entertainment,8.0,1.0,46,Female
152938ab,63261.0,Engineer,1.0,7.0,33,Male
99ee171e,91823.0,Artist,1.0,4.0,55,Female
3e0ae199,89000.0,Healthcare,9.0,4.0,46,Female
73d0a42c,116001.0,Engineer,1.0,4.0,51,Female
f39964d4,177512.0,Engineer,2.0,3.0,53,Male
9bc941be,62925.0,Engineer,1.0,6.0,35,Male
f74066d1,111077.0,Artist,9.0,7.0,67,Male
d33f2179,92812.0,Artist,5.0,7.0,31,Female
967a461b,114061.0,Artist,2.0,5.0,19,Male
3699e5fc,77709.0,Artist,0.0,1.0,64,Male
8bb974de,65874.0,Artist,7.0,6.0,54,Male
a4820463,86154.0,Doctor,1.0,2.0,25,Female
62d342ad,134752.0,Engineer,6.0,5.0,41,Male
a791d628,130697.0,Artist,1.0,2.0,66,Female
b2890f4d,182410.0,Healthcare,11.0,4.0,59,Male
4aad3c13,69730.0,Artist,1.0,4.0,69,Male
51902bf6,172523.0,Artist,6.0,2.0,41,Male
a7aae5a0,78223.0,Lawyer,0.0,1.0,43,Male
ed9f811e,189672.0,Doctor,0.0,7.0,30,Female
3e7a1ee7,139417.0,Artist,1.0,3.0,29,Female
b62dfc44,74407.0,Doctor,0.0,6.0,66,Male
409dab76,152405.0,Artist,1.0,4.0,22,Male
202d64bc,91000.0,Entertainment,0.0,4.0,66,Male
f5a67b13,62935.0,Artist,0.0,7.0,41,Female
c2b4f1ff,30000.0,Lawyer,0.0,9.0,49,Male
8d7b024e,90414.0,Artist,1.0,5.0,60,Male
69e25f7d,103739.0,Healthcare,6.0,4.0,56,Male
dfaa73ce,70302.0,Executive,14.0,3.0,33,Female
0681021a,97000.0,Homemaker,2.0,2.0,38,Male
9baf2c71,164659.0,Entertainment,1.0,6.0,30,Male
520dc495,87529.0,Artist,9.0,7.0,64,Female
d1685682,91794.0,Entertainment,0.0,7.0,58,Female
238c5278,83220.0,Engineer,7.0,4.0,40,Male
9ac4c397,152303.0,Artist,1.0,5.0,27,Female
e9c6b3c6,93242.0,Entertainment,0.0,7.0,27,Female
2ac88601,110519.0,Artist,9.0,4.0,54,Male
9b84cf49,104512.0,Marketing,9.0,3.0,38,Male
9ef55e21,81640.0,Entertainment,1.0,6.0,37,Male
1280ef15,52590.0,Healthcare,0.0,4.0,35,Male
42a0a913,146473.0,Artist,1.0,4.0,56,Female
f1aefdee,59971.0,Homemaker,14.0,7.0,60,Female
4d8e1abc,177368.0,Healthcare,1.0,2.0,69,Male
85bd0573,82285.0,Engineer,16.0,1.0,26,Male
7dd139b9,90082.0,Healthcare,1.0,6.0,29,Male
cd774aec,160469.0,Lawyer,8.0,1.0,51,Female
c230e572,79000.0,Homemaker,1.0,7.0,44,Male
7b787684,79000.0,Lawyer,0.0,2.0,20,Male
a0dfcaf8,50396.0,Lawyer,0.0,6.0,20,Male
c38b1eb7,20000.0,Entertainment,1.0,4.0,30,Male
49c88bf7,57000.0,Artist,0.0,3.0,21,Female
b88d1696,132860.0,Healthcare,7.0,2.0,49,Male
ec53a526,125510.0,Healthcare,3.0,3.0,28,Female
0863e978,143313.0,Doctor,4.0,7.0,69,Male
0645a27f,125024.0,Artist,0.0,1.0,59,Female
4917496b,111191.0,Artist,9.0,4.0,27,Male
dae06999,143928.0,Engineer,9.0,7.0,68,Female
9b847ef4,61000.0,Entertainment,7.0,5.0,46,Male
224a3d6c,122961.0,Doctor,8.0,2.0,64,Male
6bcac51d,109895.0,Healthcare,5.0,2.0,32,Female
99977977,135268.0,Lawyer,4.0,5.0,31,Male
7970d0cf,96424.0,Artist,8.0,5.0,61,Male
1fc3dfa4,93964.0,Artist,4.0,2.0,46,Female
f54aae2b,44000.0,Artist,0.0,5.0,65,Male
5f0a0bde,81545.0,Artist,4.0,7.0,55,Male
f0d6897b,183548.0,Entertainment,1.0,4.0,30,Female
26481fe1,27000.0,Engineer,4.0,4.0,33,Male
2ac4794c,184830.0,Doctor,9.0,3.0,23,Male
7f149e55,69719.0,Artist,9.0,2.0,68,Female
29f516ae,186359.0,Doctor,13.0,2.0,26,Male
b5f745aa,78000.0,Artist,0.0,2.0,61,Male
a9bd3819,126015.0,Healthcare,0.0,1.0,25,Male
13983023,59954.0,Executive,4.0,4.0,48,Male
45b0ec31,132537.0,Doctor,5.0,3.0,62,Female
0c8481ed,93713.0,Engineer,3.0,4.0,31,Male
4cab48fe,81197.0,Artist,0.0,4.0,49,Male
ab67dfa0,10000.0,Healthcare,8.0,3.0,24,Male
fdcd87d2,126599.0,Lawyer,0.0,3.0,39,Female
ec89b0bb,52648.0,Artist,5.0,2.0,31,Male
3d97e627,97000.0,Engineer,0.0,3.0,66,Male
d28ae3f6,77873.0,Executive,6.0,5.0,39,Male
3aaf1493,127911.0,Homemaker,9.0,2.0,25,Male
658917ba,85540.0,Homemaker,9.0,1.0,23,Male
dba07340,100964.0,Marketing,1.0,6.0,35,Male
93109365,84000.0,Healthcare,1.0,3.0,69,Male
76e16ed7,74308.0,Entertainment,1.0,2.0,49,Male
d1c4dca5,81000.0,Artist,0.0,4.0,21,Female
5e25ab6c,62186.0,Marketing,0.0,1.0,18,Male
9540707c,149318.0,Artist,4.0,1.0,37,Male
d9edf7f7,95853.0,Healthcare,9.0,1.0,59,Female
6b965871,104600.0,Entertainment,6.0,3.0,34,Male
13d455d8,173682.0,Artist,12.0,6.0,65,Male
cb58f6d4,155951.0,Healthcare,7.0,4.0,34,Male
97086b8a,27000.0,Entertainment,7.0,1.0,44,Male
47e9f70d,0.0,Doctor,1.0,3.0,27,Female
57cb4a06,63379.0,Artist,12.0,7.0,56,Male
97f5ee93,63769.0,Artist,4.0,2.0,53,Male
09fed685,83000.0,Homemaker,4.0,1.0,58,Male
14c376c2,123083.0,Entertainment,6.0,5.0,55,Male
4c5d7198,115996.0,Engineer,15.0,1.0,50,Male
d79c6dc4,83771.0,Artist,1.0,2.0,48,Female
636c0685,64756.0,Marketing,10.0,1.0,67,Male
2cb81b4e,115811.0,Homemaker,11.0,4.0,61,Male
f3c92c79,117679.0,Entertainment,1.0,3.0,23,Female
8f994217,180288.0,Artist,2.0,2.0,30,Male
86fae416,180831.0,Healthcare,1.0,2.0,52,Male
a233a427,115699.0,Healthcare,9.0,1.0,37,Female
64dc88ec,56492.0,Homemaker,8.0,1.0,40,Male
d95629c8,128205.0,Healthcare,6.0,5.0,29,Male
e6be113d,122658.0,Engineer,6.0,2.0,27,Male
3e5dc8ad,103356.0,Marketing,1.0,6.0,28,Male
32aeb6df,153660.0,Healthcare,0.0,5.0,18,Male
99ea7f39,187761.0,Healthcare,2.0,3.0,49,Female
99815c0d,129019.0,Healthcare,0.0,3.0,37,Male
8331d70e,181760.0,Healthcare,14.0,3.0,33,Male
613ad85b,66952.0,Entertainment,1.0,2.0,57,Female
ade702ab,156951.0,Healthcare,4.0,7.0,48,Male
977ec51f,180479.0,Healthcare,0.0,3.0,33,Female
0c78eef7,151836.0,Artist,0.0,6.0,28,Female
b80bfd22,70844.0,Entertainment,0.0,3.0,60,Male
4eb62dd5,89144.0,Doctor,12.0,2.0,62,Male
3eec8b0f,94029.0,Healthcare,1.0,4.0,27,Female
812f76f0,4000.0,Executive,0.0,2.0,40,Male
fdac1a24,98000.0,Artist,1.0,4.0,31,Female
42e1a9ff,129455.0,Lawyer,0.0,3.0,30,Female
7669c9da,74350.0,Lawyer,10.0,1.0,61,Male
361b3369,73107.0,Artist,9.0,1.0,50,Male
e5250c88,116521.0,Doctor,0.0,2.0,50,Male
b35aa4fc,166007.0,Doctor,1.0,4.0,56,Female
a8c5bbc2,51661.0,Entertainment,0.0,7.0,29,Female
fd36a165,156422.0,Entertainment,1.0,7.0,26,Male
39e7e238,36000.0,Executive,0.0,3.0,61,Female
48141bda,157383.0,Lawyer,8.0,2.0,36,Male
618969f3,186203.0,Artist,10.0,5.0,43,Female
514ed7aa,51000.0,Healthcare,1.0,2.0,32,Male
2dbb1651,104834.0,Artist,0.0,7.0,42,Male
65f5393b,80000.0,Artist,10.0,1.0,59,Male
c6217e8b,74696.0,Doctor,1.0,6.0,25,Male
a1d75674,85000.0,Healthcare,9.0,3.0,51,Male
e39ca303,82000.0,Entertainment,2.0,2.0,56,Male
e8d276c7,96028.0,Artist,0.0,5.0,41,Male
0db588c3,120627.0,Healthcare,0.0,2.0,37,Female
c1953b12,151382.0,Lawyer,1.0,1.0,68,Male
fdfabbc1,56583.0,Healthcare,2.0,3.0,39,Male
35a98b6f,129507.0,Healthcare,4.0,7.0,46,Male
d71f086a,138529.0,Healthcare,0.0,4.0,34,Female
b0ac1bfa,95000.0,Artist,1.0,1.0,63,Male
3f259d43,131093.0,Lawyer,1.0,7.0,28,Male
00f50e76,90961.0,Healthcare,9.0,2.0,56,Male
32be4ca0,85000.0,Marketing,1.0,2.0,68,Female
ef176f31,174159.0,Lawyer,4.0,4.0,42,Female
99c63772,34000.0,Entertainment,4.0,4.0,36,Male
742abeee,52884.0,Lawyer,1.0,1.0,60,Male
8c008bc8,160351.0,Lawyer,8.0,5.0,67,Male
b0b94256,126225.0,Engineer,7.0,4.0,31,Male
fc4940f8,168723.0,Homemaker,7.0,2.0,18,Male
8df3ef9b,77440.0,Lawyer,0.0,5.0,60,Female
31500ddf,148908.0,Healthcare,2.0,3.0,37,Male
b17691ed,40000.0,Artist,5.0,4.0,29,Male
08c78998,141416.0,Healthcare,15.0,1.0,26,Female
fd9701e3,168269.0,Executive,10.0,2.0,28,Male
1d922ad5,119435.0,Entertainment,0.0,7.0,47,Female
33020849,133614.0,Artist,7.0,4.0,50,Male
6b751342,67227.0,Artist,1.0,7.0,18,Male
ebf1d7da,92048.0,Healthcare,1.0,1.0,63,Female
7d916c04,59284.0,Doctor,7.0,7.0,50,Male
d172f8b2,66000.0,Lawyer,1.0,2.0,26,Female
1f5f2b85,39000.0,Engineer,9.0,4.0,61,Female
cf17cab7,59163.0,Marketing,3.0,3.0,36,Female
b86ef2ed,167060.0,Artist,1.0,5.0,36,Male
f91a25b4,150444.0,Artist,13.0,4.0,39,Male
98d30576,24000.0,Marketing,1.0,3.0,28,Female
f2e4032e,113306.0,Executive,5.0,6.0,66,Female
15f47d09,68761.0,Lawyer,1.0,4.0,40,Female
cfcfdef9,174114.0,Lawyer,1.0,1.0,51,Female
aa631aa7,112246.0,Healthcare,8.0,3.0,42,Male
84b2474a,100261.0,Artist,1.0,6.0,57,Male
73c1e911,143241.0,Executive,4.0,7.0,45,Female
a4255963,26000.0,Marketing,8.0,5.0,47,Male
b5594c00,95172.0,Healthcare,1.0,5.0,26,Male
213813bd,158372.0,Artist,1.0,1.0,69,Male
1592c025,102717.0,Healthcare,7.0,4.0,32,Male
3961aecb,28000.0,Artist,1.0,1.0,68,Male
9efa31fe,163509.0,Healthcare,0.0,4.0,23,Male
fc3adf09,184088.0,Entertainment,11.0,7.0,55,Male
6b22199e,139758.0,Lawyer,0.0,6.0,46,Male
bc2af553,67799.0,Entertainment,1.0,6.0,36,Female
e8cff014,52000.0,Healthcare,0.0,4.0,57,Female
45ae408d,139447.0,Artist,8.0,7.0,24,Male
d1c201aa,50429.0,Artist,0.0,1.0,41,Male
9f497fc5,127335.0,Artist,6.0,6.0,29,Male
e25fbd04,169702.0,Doctor,5.0,1.0,40,Male
1d3e353d,145648.0,Healthcare,7.0,6.0,66,Male
77419f9a,149685.0,Executive,9.0,6.0,19,Female
4f7ebb51,168898.0,Artist,9.0,7.0,58,Female
deb10459,76529.0,Healthcare,0.0,2.0,63,Female
513fadd1,176147.0,Healthcare,0.0,1.0,41,Female
ccf931bf,74253.0,Lawyer,1.0,6.0,34,Male
db9b7551,153632.0,Entertainment,9.0,7.0,29,Male
238705b9,101799.0,Engineer,1.0,1.0,37,Male
0287832a,29000.0,Engineer,11.0,1.0,19,Male
3b90d90c,181183.0,Marketing,9.0,3.0,53,Male
de853333,131748.0,Artist,1.0,3.0,57,Male
7cf94e85,64310.0,Marketing,2.0,1.0,67,Male
14378de4,131911.0,Healthcare,7.0,7.0,50,Male
888167ce,69018.0,Artist,6.0,1.0,65,Male
90fbc7ac,172378.0,Entertainment,5.0,6.0,21,Male
9984049c,71795.0,Healthcare,8.0,1.0,27,Male
c4ebb950,59099.0,Marketing,1.0,7.0,31,Male
0e087de3,73642.0,Marketing,0.0,3.0,60,Male
7ae4639b,88452.0,Healthcare,8.0,6.0,40,Male
f03badd2,55109.0,Artist,8.0,3.0,36,Male
3247d89f,72000.0,Engineer,4.0,2.0,25,Male
d7657b22,170647.0,Healthcare,1.0,7.0,35,Male
86c7f4c4,25000.0,Artist,4.0,1.0,57,Male
fea53d51,115184.0,Homemaker,1.0,4.0,31,Male
b3ca6914,68212.0,Healthcare,7.0,4.0,54,Male
5bcf3ac8,184844.0,Entertainment,6.0,1.0,59,Female
73dcddf6,129215.0,Entertainment,9.0,6.0,18,Male
de43e681,114213.0,Doctor,9.0,4.0,29,Male
2f20a8dd,188107.0,Engineer,10.0,2.0,33,Male
a6a9fc8c,76892.0,Executive,5.0,2.0,37,Male
ee0cf5f8,69000.0,Artist,3.0,5.0,62,Male
c0973bd3,153607.0,Healthcare,1.0,4.0,30,Female
8f56216f,69383.0,Entertainment,0.0,2.0,34,Male
b487194d,93991.0,Artist,1.0,3.0,23,Male
d0d9b030,74081.0,Healthcare,4.0,3.0,26,Male
d5eeb97f,26000.0,Lawyer,0.0,2.0,26,Male
217a0537,153821.0,Marketing,1.0,4.0,51,Male
b787c69f,31000.0,Healthcare,1.0,2.0,60,Male
626a78cd,117620.0,Healthcare,7.0,6.0,52,Male
c79f0f0c,45000.0,Artist,10.0,4.0,47,Male
68d0a24c,67613.0,Entertainment,1.0,2.0,49,Male
f3d760eb,53097.0,Healthcare,0.0,7.0,62,Male
d4e10b9f,186470.0,Artist,0.0,7.0,27,Male
ee6fda18,139685.0,Healthcare,1.0,4.0,46,Female
5eca955f,97822.0,Doctor,5.0,3.0,46,Female
21641cd5,145678.0,Executive,0.0,1.0,23,Female
7d3d9627,172896.0,Engineer,0.0,3.0,57,Male
2de16ed9,154007.0,Artist,7.0,7.0,37,Male
8e523f9b,71000.0,Engineer,0.0,5.0,68,Male
a719cfd4,79531.0,Artist,1.0,1.0,56,Female
0e4f7262,136231.0,Artist,7.0,1.0,41,Male
7e492cf9,73759.0,Doctor,0.0,7.0,24,Male
cf4cbbb6,70152.0,Healthcare,0.0,2.0,57,Male
b2940c0c,148901.0,Healthcare,4.0,4.0,46,Male
c2471030,57248.0,Lawyer,5.0,5.0,18,Male
94ad04ea,182317.0,Healthcare,8.0,6.0,35,Male
1e7d2b41,172913.0,Executive,3.0,4.0,57,Male
2eb0a099,153399.0,Entertainment,1.0,6.0,69,Male
cd7cfe46,183783.0,Healthcare,9.0,3.0,65,Female
4eb26bbf,113605.0,Artist,3.0,3.0,35,Male
219f2ec8,170019.0,Artist,7.0,2.0,36,Male
406b2fa4,94629.0,Marketing,6.0,3.0,65,Male
a65cd90b,146877.0,Healthcare,4.0,3.0,61,Male
63ee63b2,57522.0,Artist,10.0,5.0,34,Male
7d2060dc,110610.0,Entertainment,5.0,2.0,19,Male
c85531eb,112247.0,Executive,4.0,5.0,51,Male
a8f12d3f,70689.0,Artist,1.0,4.0,22,Female
f2a125d1,85908.0,Entertainment,5.0,4.0,21,Female
ea3e6f8a,131574.0,Artist,1.0,2.0,26,Male
29dbcc52,72889.0,Homemaker,5.0,7.0,70,Male
045a6bbd,186577.0,Healthcare,8.0,5.0,53,Male
17b53fde,78000.0,Lawyer,1.0,1.0,56,Male
361b43fb,32000.0,Engineer,0.0,2.0,32,Male
e9ec56a0,152547.0,Artist,7.0,4.0,63,Female
82a61020,154837.0,Executive,8.0,4.0,63,Female
ef749a03,82000.0,Artist,8.0,4.0,53,Male
85aff688,157307.0,Executive,4.0,3.0,52,Male
27ff185f,77259.0,Lawyer,6.0,6.0,53,Female
203bfe75,175267.0,Healthcare,1.0,4.0,23,Female
2a4f3461,80605.0,Doctor,1.0,6.0,32,Male
7b24330e,87000.0,Artist,1.0,2.0,47,Female
a868925b,166245.0,Executive,7.0,3.0,30,Male
e99d0df2,105448.0,Artist,0.0,5.0,68,Male
ebddfce4,176554.0,Healthcare,1.0,2.0,67,Male
ea8649aa,159296.0,Artist,8.0,1.0,30,Male
83068342,99263.0,Healthcare,8.0,1.0,59,Male
c5ad8ccc,165772.0,Healthcare,1.0,4.0,32,Male
ec64cd68,106691.0,Healthcare,9.0,3.0,48,Male
50737d39,178214.0,Artist,1.0,7.0,24,Male
83462dca,91456.0,Artist,1.0,4.0,31,Female
65a3fd8e,56848.0,Artist,5.0,1.0,47,Male
cb4d15cd,9000.0,Healthcare,1.0,5.0,61,Male
42397161,71076.0,Artist,8.0,1.0,64,Male
82be09ee,67000.0,Doctor,0.0,2.0,53,Male
bf25ca98,170333.0,Entertainment,4.0,2.0,28,Female
23446868,146028.0,Healthcare,0.0,5.0,70,Female
4b8621c3,15000.0,Healthcare,1.0,4.0,31,Male
47f6628a,73867.0,Healthcare,4.0,5.0,39,Female
6452c03e,124614.0,Artist,8.0,5.0,25,Female
9fe30f34,90082.0,Artist,5.0,7.0,32,Male
c3234dcb,101858.0,Healthcare,8.0,6.0,24,Male
1673e0a3,62000.0,Healthcare,1.0,5.0,55,Male
fe62b825,85401.0,Entertainment,4.0,6.0,43,Female
1613d74c,71543.0,Entertainment,1.0,4.0,32,Male
f0bf8fb3,89251.0,Entertainment,1.0,1.0,31,Female
64925fc3,165810.0,Healthcare,3.0,5.0,34,Female
7a636fcf,145528.0,Healthcare,1.0,2.0,46,Male
d5743a4b,156793.0,Marketing,2.0,4.0,23,Male
06846d9f,184443.0,Executive,3.0,7.0,34,Female
c121842c,65520.0,Lawyer,1.0,2.0,30,Male
bb232119,100056.0,Entertainment,1.0,3.0,25,Male
23999bd4,70803.0,Entertainment,0.0,5.0,57,Male
b56c7803,134748.0,Marketing,1.0,6.0,65,Male
3149dc10,182352.0,Engineer,4.0,3.0,27,Male
72f5f3c0,56851.0,Entertainment,6.0,3.0,58,Male
6ab94e45,115754.0,Engineer,1.0,3.0,50,Female
01b2ea0b,139009.0,Artist,0.0,4.0,69,Male
8aa9f279,85351.0,Healthcare,0.0,2.0,42,Male
3f0a7f85,85374.0,Artist,8.0,5.0,51,Male
690769d1,163612.0,Executive,0.0,5.0,42,Female
c3bd15da,35000.0,Doctor,2.0,6.0,28,Male
840485b7,171921.0,Artist,1.0,6.0,50,Male
c41a8802,144489.0,Artist,14.0,3.0,44,Female
a9f2b320,180401.0,Engineer,7.0,6.0,37,Female
355d8bf4,150187.0,Healthcare,0.0,5.0,22,Male
b6bdd736,58639.0,Entertainment,5.0,7.0,50,Male
996dbee1,82315.0,Engineer,6.0,1.0,32,Female
e91695ef,145015.0,Healthcare,6.0,3.0,44,Male
a76cc9e4,110434.0,Artist,7.0,3.0,60,Male
c9ec5449,93288.0,Artist,10.0,6.0,32,Male
bdf4861c,157207.0,Healthcare,0.0,4.0,25,Male
c524117e,69720.0,Lawyer,17.0,6.0,62,Male
f3f42ff0,144830.0,Artist,0.0,1.0,68,Male
c98753b5,187141.0,Doctor,0.0,7.0,51,Male
5b2b52da,148196.0,Artist,0.0,2.0,60,Male
f7ded412,53802.0,Artist,1.0,7.0,56,Female
bfa660fc,146858.0,Doctor,9.0,1.0,42,Female
982532dc,151298.0,Artist,0.0,6.0,18,Male
93a7f078,92000.0,Artist,5.0,3.0,35,Male
0fdd8807,91180.0,Entertainment,1.0,7.0,35,Female
f25571d4,88000.0,Artist,1.0,2.0,56,Male
942c3860,67874.0,Entertainment,9.0,3.0,59,Male
686a275e,97562.0,Executive,5.0,6.0,44,Female
55de43a2,89972.0,Artist,10.0,6.0,30,Male
790cfa05,76164.0,Artist,6.0,2.0,25,Male
c20a13f1,126263.0,Marketing,6.0,3.0,56,Female
b51ffcce,170403.0,Artist,4.0,5.0,25,Male
d45690c0,172872.0,Healthcare,0.0,7.0,50,Female
de3b46a5,165846.0,Engineer,0.0,4.0,68,Male
9efa3523,87602.0,Executive,5.0,3.0,32,Male
77feded3,55000.0,Healthcare,0.0,3.0,45,Male
3c033ba1,122430.0,Healthcare,1.0,1.0,24,Male
6a914596,48000.0,Healthcare,3.0,3.0,26,Male
4af1d988,10000.0,Healthcare,8.0,4.0,27,Female
35df51ac,143560.0,Artist,1.0,3.0,45,Male
b10cc43e,58217.0,Artist,0.0,1.0,28,Male
a7cad17c,98016.0,Healthcare,9.0,6.0,37,Male
7dede627,102788.0,Artist,0.0,1.0,36,Female
a08a421e,148875.0,Artist,0.0,4.0,23,Male
fdd9453c,153145.0,Healthcare,8.0,6.0,44,Male
33d11a44,126791.0,Artist,6.0,4.0,33,Male
4d97442d,60209.0,Artist,1.0,3.0,64,Male
491e192d,156016.0,Artist,2.0,1.0,18,Male
f297a403,69388.0,Engineer,3.0,4.0,46,Female
2ebf5ba8,140107.0,Healthcare,1.0,5.0,36,Male
5a39a8aa,64000.0,Entertainment,8.0,5.0,53,Male
8a93d6a6,62951.0,Lawyer,8.0,2.0,46,Female
9925f8c1,188984.0,Lawyer,1.0,4.0,65,Male
4cd3a3f5,168898.0,Homemaker,8.0,7.0,18,Female
2b05f6c0,116858.0,Artist,5.0,7.0,58,Male
65e6e5bc,53452.0,Entertainment,1.0,6.0,27,Male
9eb603bc,154623.0,Artist,6.0,6.0,60,Female
07d6c5c0,166983.0,Artist,7.0,3.0,69,Male
93abfbca,162595.0,Artist,3.0,3.0,27,Male
1902663b,4000.0,Artist,0.0,4.0,58,Male
c0097955,47000.0,Artist,2.0,3.0,26,Female
0f89cad2,172841.0,Engineer,0.0,1.0,62,Male
192febbd,109263.0,Entertainment,0.0,1.0,43,Female
56226bd2,115580.0,Entertainment,8.0,5.0,43,Female
8b1b9b90,9000.0,Artist,8.0,2.0,61,Male
dd4eb2be,155622.0,Healthcare,0.0,2.0,29,Male
7bbaf74c,181795.0,Healthcare,3.0,5.0,41,Male
5b67f503,156488.0,Engineer,1.0,4.0,36,Female
7e089b5e,62330.0,Healthcare,1.0,1.0,31,Male
0d9c8d8d,171100.0,Executive,0.0,5.0,20,Female
92b8726e,31000.0,Healthcare,7.0,5.0,68,Male
db2a874c,156880.0,Artist,0.0,7.0,64,Male
d85f5d46,17000.0,Engineer,0.0,2.0,19,Female
f5e1b7dd,144485.0,Entertainment,0.0,4.0,48,Male
0976a4ef,92135.0,Homemaker,6.0,4.0,56,Male
fc499f63,52000.0,Executive,0.0,5.0,34,Male
9ab732a0,77914.0,Artist,1.0,6.0,54,Male
02283131,148450.0,Healthcare,0.0,6.0,43,Male
4a2596ba,171949.0,Doctor,1.0,6.0,59,Male
7ae9630b,71925.0,Artist,4.0,2.0,34,Male
2dd37fdc,106314.0,Artist,0.0,7.0,53,Male
03a5446c,143000.0,Artist,0.0,2.0,57,Female
007a3054,50250.0,Artist,0.0,2.0,47,Male
50bc45ef,82478.0,Executive,10.0,1.0,58,Male
de236e97,81702.0,Marketing,6.0,4.0,37,Male
be0288c3,105968.0,Engineer,4.0,5.0,24,Female
bd1baf48,112358.0,Artist,0.0,6.0,70,Male
33f00377,138644.0,Engineer,4.0,3.0,55,Female
7a1b8105,92313.0,Healthcare,1.0,5.0,24,Male
1cee1c55,178228.0,Engineer,1.0,2.0,56,Male
61c87e7f,128834.0,Entertainment,5.0,4.0,35,Male
02e80ad7,118554.0,Lawyer,4.0,6.0,18,Male
9503b3ce,175254.0,Artist,9.0,5.0,30,Male
00fa2106,96000.0,Executive,9.0,2.0,41,Male
2ac07405,112426.0,Engineer,9.0,6.0,62,Female
5fb1ce42,81718.0,Entertainment,1.0,3.0,39,Female
dfe5fc8f,10000.0,Marketing,8.0,4.0,29,Male
3c3b0066,101073.0,Executive,0.0,7.0,42,Female
